# decimated wireframe for on-device overlay
v 0.029321 -0.063091 0.045468
v 0.029321 -0.062992 0.047212
v 0.029321 -0.062992 0.047212
v 0.029321 -0.062533 0.050700
v 0.029321 -0.061233 0.066397
v 0.019965 -0.080311 0.094302
v 0.029321 -0.060243 0.083837
v 0.039629 -0.033221 0.087326
v 0.039786 -0.033221 0.083617
v 0.039786 -0.033221 0.083617
v 0.039798 -0.033221 0.082093
v 0.039714 -0.033221 0.085581
v 0.039714 -0.033221 0.085581
v 0.037360 -0.040197 0.094302
v 0.037993 -0.038453 0.094302
v 0.029321 -0.015780 0.019031
v 0.043274 -0.023074 0.094302
v 0.042087 -0.026245 0.094302
v 0.042734 -0.024501 0.094302
v 0.051174 -0.001828 0.094302
v 0.051828 -0.000084 0.094302
v 0.054303 0.006893 0.094302
v 0.054376 0.008637 0.094302
v 0.053591 0.012125 0.094302
v 0.029321 -0.058157 0.108254
v 0.029321 -0.058157 0.108254
v 0.029321 -0.059107 0.103022
v 0.029321 -0.058949 0.104766
v 0.029321 -0.058949 0.104766
v 0.029321 -0.058618 0.106510
v 0.029321 -0.058618 0.106510
v 0.029321 -0.058618 0.106510
v 0.029321 -0.057659 0.109998
v 0.029321 -0.057638 0.110073
v 0.029321 -0.056782 0.113487
v 0.029321 -0.056500 0.115231
v 0.029321 -0.056318 0.116975
v 0.029321 -0.056166 0.118719
v 0.029321 -0.051698 0.150112
v 0.017813 -0.033221 0.178017
v 0.029321 -0.033673 0.178017
v 0.029321 -0.033673 0.178017
v 0.029321 -0.049648 0.171041
v 0.029321 -0.048498 0.172785
v 0.015369 -0.033221 0.175374
v 0.029321 -0.046634 0.174529
v 0.029321 -0.046634 0.174529
v 0.029321 -0.045429 0.175368
v 0.029321 -0.045429 0.175368
v 0.029321 -0.043685 0.176265
v 0.029321 -0.043666 0.176273
v 0.029321 -0.043666 0.176273
v 0.029321 -0.043666 0.176273
v 0.029321 -0.041941 0.176788
v 0.029321 -0.041941 0.176788
v 0.029321 -0.040197 0.177026
v 0.029321 -0.040197 0.177026
v 0.015951 -0.033221 0.176273
v 0.017113 -0.033221 0.177502
v 0.029321 -0.038453 0.177143
v 0.029321 -0.038453 0.177143
v 0.029321 -0.036709 0.177354
v 0.029321 -0.036709 0.177354
v 0.029321 -0.034965 0.177724
v 0.029321 -0.034965 0.177724
v 0.029321 -0.034965 0.177724
v 0.029321 -0.033221 0.178112
v 0.018857 -0.033221 0.178578
v 0.020601 -0.033221 0.179156
v 0.025833 -0.033221 0.179348
v 0.025833 -0.033221 0.179348
v 0.025833 -0.033221 0.179348
v 0.024089 -0.033221 0.179526
v 0.024089 -0.033221 0.179526
v 0.027577 -0.033221 0.178865
v 0.027577 -0.033221 0.178865
v 0.027577 -0.033221 0.178865
v 0.027577 -0.033221 0.178865
v 0.039645 -0.033221 0.097790
v 0.039488 -0.033221 0.104766
v 0.039519 -0.033221 0.103022
v 0.038994 -0.033221 0.115231
v 0.039078 -0.033221 0.113487
v 0.038962 -0.033221 0.118719
v 0.038087 -0.033221 0.129183
v 0.037650 -0.033221 0.132671
v 0.038042 -0.033221 0.129523
v 0.037524 -0.033221 0.134415
v 0.037367 -0.033221 0.137904
v 0.037257 -0.033221 0.139648
v 0.037108 -0.033221 0.141392
v 0.036926 -0.033221 0.143136
v 0.036149 -0.033221 0.150112
v 0.036149 -0.033221 0.150112
v 0.035784 -0.033221 0.153600
v 0.035784 -0.033221 0.153600
v 0.035968 -0.033221 0.151856
v 0.035968 -0.033221 0.151856
v 0.035968 -0.033221 0.151856
v 0.035968 -0.033221 0.151856
v 0.034554 -0.033221 0.169188
v 0.033759 -0.033221 0.172785
v 0.033041 -0.033221 0.174529
v 0.033041 -0.033221 0.174529
v 0.031813 -0.033221 0.176273
v 0.031813 -0.033221 0.176273
v 0.031813 -0.033221 0.176273
v 0.031813 -0.033221 0.176273
v 0.031813 -0.033221 0.176273
v 0.032809 -0.033221 0.174943
v 0.031065 -0.033221 0.176978
v 0.031065 -0.033221 0.176978
v 0.031065 -0.033221 0.176978
v 0.031065 -0.033221 0.176978
v 0.029321 0.000609 0.109998
v 0.029321 0.001660 0.110626
v 0.029321 0.007720 0.178017
v 0.029321 0.011852 0.160576
v 0.029321 0.008637 0.177492
v 0.029321 0.012822 0.174529
v 0.029321 0.010602 0.176273
v 0.029321 0.012125 0.175187
v 0.029321 -0.026245 0.179563
v 0.029321 -0.029733 0.178810
v 0.029321 -0.029733 0.178810
v 0.029321 -0.031477 0.178452
v 0.029321 -0.031477 0.178452
v 0.029321 -0.031477 0.178452
v 0.029321 -0.022757 0.179953
v 0.029321 -0.024882 0.179761
v 0.029321 -0.024882 0.179761
v 0.029321 -0.024501 0.179805
v 0.029321 -0.012292 0.180723
v 0.029321 -0.012292 0.180723
v 0.029321 -0.012292 0.180723
v 0.029321 -0.015780 0.180360
v 0.029321 -0.015780 0.180360
v 0.029321 -0.015780 0.180360
v 0.029321 -0.017524 0.180230
v 0.029321 -0.014036 0.180542
v 0.029321 -0.014036 0.180542
v 0.029321 -0.014036 0.180542
v 0.029321 -0.008804 0.180810
v 0.029321 -0.008804 0.180810
v 0.029321 -0.010548 0.180826
v 0.029321 -0.010548 0.180826
v 0.029321 -0.003572 0.180668
v 0.029321 0.001660 0.180571
v 0.029321 0.001660 0.180571
v 0.029321 -0.000084 0.180761
v 0.029321 -0.000084 0.180761
v 0.029321 0.004153 0.179761
v 0.029321 0.004153 0.179761
v 0.029321 0.004153 0.179761
v 0.029321 0.004153 0.179761
v 0.029321 0.005149 0.179315
v 0.029321 0.003405 0.180064
v 0.029321 0.006893 0.178461
v 0.029321 0.006893 0.178461
v 0.015369 -0.081416 0.017563
v 0.018857 -0.081326 0.017563
v 0.020871 -0.080311 0.017563
v 0.022345 -0.079108 0.017563
v 0.022861 -0.078567 0.017563
v 0.024089 -0.076936 0.017563
v 0.018857 -0.082101 0.024539
v 0.018963 -0.082055 0.024539
v 0.018857 -0.081509 0.019307
v 0.021133 -0.080311 0.019307
v 0.022345 -0.079305 0.019307
v 0.022345 -0.079458 0.021051
v 0.022345 -0.079527 0.024539
v 0.023149 -0.078567 0.021051
v 0.024089 -0.077114 0.019307
v 0.015369 -0.084043 0.031515
v 0.015369 -0.084386 0.035003
v 0.015369 -0.084508 0.038492
v 0.018857 -0.082389 0.026283
v 0.018857 -0.083269 0.031515
v 0.018857 -0.083269 0.031515
v 0.018857 -0.083269 0.031515
v 0.018857 -0.083269 0.031515
v 0.020324 -0.082055 0.029771
v 0.018857 -0.083022 0.029771
v 0.021685 -0.080311 0.026283
v 0.022345 -0.079514 0.026283
v 0.022345 -0.079514 0.026283
v 0.022345 -0.079527 0.028027
v 0.022936 -0.078567 0.028027
v 0.018857 -0.083530 0.035003
v 0.018857 -0.083438 0.033259
v 0.018857 -0.083438 0.033259
v 0.018857 -0.083438 0.033259
v 0.020601 -0.082206 0.033259
v 0.020601 -0.082206 0.033259
v 0.020601 -0.082055 0.031676
v 0.025609 -0.073335 0.026283
v 0.025833 -0.072807 0.026283
v 0.025454 -0.073335 0.028027
v 0.025517 -0.073335 0.035003
v 0.025833 -0.072534 0.035003
v 0.025833 -0.072896 0.036748
v 0.027515 -0.068102 0.036748
v 0.027539 -0.068102 0.038492
v 0.027577 -0.067978 0.038492
v 0.015369 -0.084467 0.041980
v 0.015369 -0.084467 0.041980
v 0.015369 -0.084467 0.041980
v 0.015369 -0.084430 0.045468
v 0.015369 -0.084430 0.045468
v 0.015369 -0.084495 0.048956
v 0.018857 -0.083370 0.041980
v 0.018857 -0.083468 0.040236
v 0.020601 -0.082235 0.040236
v 0.020805 -0.082055 0.040236
v 0.020689 -0.082055 0.041980
v 0.020459 -0.082055 0.043724
v 0.018857 -0.083228 0.043724
v 0.018857 -0.083228 0.043724
v 0.018857 -0.083228 0.043724
v 0.020601 -0.082055 0.042755
v 0.022345 -0.079581 0.045468
v 0.024089 -0.077122 0.041980
v 0.023198 -0.078567 0.043724
v 0.024089 -0.076936 0.043724
v 0.018857 -0.082949 0.047212
v 0.018857 -0.082720 0.052444
v 0.021601 -0.080311 0.047212
v 0.022345 -0.079311 0.047212
v 0.020601 -0.081304 0.048956
v 0.020601 -0.081208 0.050700
v 0.021380 -0.080311 0.050700
v 0.024089 -0.075973 0.048956
v 0.024489 -0.075079 0.048956
v 0.024089 -0.075691 0.050700
v 0.028088 -0.066358 0.040236
v 0.028753 -0.064614 0.040236
v 0.028045 -0.066358 0.041980
v 0.028736 -0.064614 0.041980
v 0.028007 -0.066358 0.043724
v 0.028712 -0.064614 0.043724
v 0.028682 -0.064614 0.047212
v 0.028558 -0.064614 0.050700
v 0.029194 -0.062870 0.050700
v 0.029074 -0.062870 0.052444
v 0.015369 -0.084489 0.062909
v 0.011881 -0.084404 0.066397
v 0.015369 -0.084490 0.066397
v 0.018857 -0.082603 0.055932
v 0.018857 -0.082581 0.059420
v 0.019560 -0.082055 0.054188
v 0.022345 -0.078676 0.055932
v 0.021090 -0.080311 0.057676
v 0.022345 -0.078567 0.057630
v 0.022345 -0.078447 0.059420
v 0.018857 -0.082512 0.062909
v 0.022199 -0.078567 0.061164
v 0.022345 -0.078331 0.061164
v 0.021995 -0.078567 0.066397
v 0.027582 -0.066358 0.057676
v 0.028196 -0.064614 0.057676
v 0.027577 -0.066358 0.057774
v 0.019421 -0.036709 0.061164
v 0.019302 -0.036709 0.062909
v 0.019987 -0.034965 0.062909
v 0.011881 -0.084589 0.069885
v 0.011881 -0.084699 0.073373
v 0.015369 -0.084553 0.073373
v 0.015369 -0.084548 0.076861
v 0.015369 -0.084548 0.076861
v 0.015369 -0.084608 0.080349
v 0.018857 -0.082139 0.073373
v 0.021826 -0.078567 0.069885
v 0.022345 -0.077859 0.068141
v 0.018857 -0.082109 0.076861
v 0.018857 -0.082160 0.080349
v 0.025079 -0.071590 0.069885
v 0.025788 -0.069846 0.069885
v 0.025692 -0.069846 0.071629
v 0.025833 -0.068699 0.075117
v 0.025252 -0.069846 0.076861
v 0.025833 -0.068290 0.076861
v 0.023935 -0.073335 0.078605
v 0.023935 -0.073335 0.078605
v 0.024089 -0.072928 0.078605
v 0.023996 -0.073335 0.080349
v 0.024089 -0.073091 0.080349
v 0.024089 -0.073091 0.080349
v 0.015369 -0.084593 0.083837
v 0.015369 -0.084593 0.083837
v 0.018857 -0.082121 0.083837
v 0.018857 -0.082055 0.086241
v 0.021519 -0.078567 0.090814
v 0.022345 -0.077247 0.089070
v 0.022345 -0.077136 0.090814
v 0.025335 -0.069846 0.087326
v 0.025833 -0.068427 0.087326
v 0.027577 -0.063900 0.083837
v 0.028886 -0.061126 0.083837
v 0.027281 -0.064614 0.085581
v 0.027577 -0.063903 0.085581
v 0.028845 -0.061126 0.085581
v 0.025304 -0.069846 0.089070
v 0.010792 -0.057638 0.083837
v 0.011033 -0.057638 0.082093
v 0.011423 -0.055894 0.083837
v 0.017113 -0.040197 0.086802
v 0.017113 -0.040124 0.087326
v 0.017856 -0.038453 0.087326
v 0.019272 -0.034965 0.090814
v 0.018857 -0.035768 0.092558
v 0.019144 -0.034965 0.092558
v 0.008392 -0.083590 0.101278
v 0.011881 -0.084930 0.097790
v 0.011881 -0.084930 0.097790
v 0.015369 -0.083793 0.097790
v 0.011881 -0.084841 0.101278
v 0.011881 -0.084841 0.101278
v 0.019710 -0.080311 0.096046
v 0.018857 -0.081257 0.096046
v 0.021038 -0.078567 0.096046
v 0.019461 -0.080311 0.097790
v 0.020601 -0.078839 0.097790
v 0.020601 -0.078839 0.097790
v 0.020792 -0.078567 0.097790
v 0.020410 -0.078567 0.101278
v 0.020410 -0.078567 0.101278
v 0.020580 -0.078567 0.099534
v 0.020601 -0.078537 0.099534
v 0.020601 -0.078567 0.099342
v 0.020601 -0.078297 0.101278
v 0.022625 -0.075079 0.099534
v 0.020267 -0.078567 0.103022
v 0.018857 -0.080243 0.108254
v 0.020088 -0.078567 0.108254
v 0.020098 -0.078567 0.106510
v 0.007543 -0.061126 0.106510
v 0.023458 -0.073335 0.099534
v 0.023317 -0.073335 0.101278
v 0.027577 -0.063217 0.101278
v 0.028495 -0.061126 0.101278
v 0.026082 -0.066358 0.103022
v 0.026887 -0.064614 0.103022
v 0.026025 -0.066358 0.104766
v 0.026797 -0.064614 0.104766
v 0.027577 -0.063059 0.103022
v 0.028417 -0.061126 0.103022
v 0.028290 -0.061126 0.104766
v 0.011881 -0.084879 0.115231
v 0.015369 -0.083260 0.115231
v 0.011881 -0.084917 0.118719
v 0.027577 -0.061582 0.111743
v 0.026946 -0.062870 0.113487
v 0.027577 -0.061465 0.113487
v 0.024089 -0.069670 0.116975
v 0.024089 -0.069437 0.118719
v 0.024591 -0.068102 0.118719
v 0.008392 -0.060827 0.101278
v 0.008878 -0.059382 0.101278
v 0.008392 -0.060126 0.103022
v 0.008140 -0.059382 0.106510
v 0.007950 -0.059382 0.108254
v 0.029223 -0.059382 0.101278
v 0.029197 -0.059382 0.103022
v 0.029112 -0.059382 0.104766
v 0.029112 -0.059382 0.104766
v 0.028759 -0.059382 0.108254
v 0.008392 -0.084592 0.129183
v 0.011881 -0.084611 0.125695
v 0.011881 -0.084287 0.129183
v 0.015368 -0.082055 0.129183
v 0.015369 -0.082055 0.129179
v 0.015369 -0.082055 0.129183
v 0.008392 -0.084623 0.136159
v 0.008392 -0.084623 0.136159
v 0.015009 -0.082055 0.136159
v 0.015369 -0.081810 0.132671
v 0.015369 -0.081741 0.136159
v 0.018857 -0.078420 0.129183
v 0.018458 -0.078567 0.132671
v 0.018458 -0.078567 0.132671
v 0.018857 -0.078065 0.132671
v 0.018857 -0.078065 0.132671
v 0.018215 -0.078567 0.136159
v 0.025833 -0.064239 0.125695
v 0.027216 -0.061126 0.125695
v 0.022345 -0.071295 0.132671
v 0.021840 -0.071590 0.136159
v 0.022345 -0.070423 0.136159
v 0.004904 -0.082055 0.137051
v 0.008392 -0.084720 0.139648
v 0.008392 -0.084720 0.139648
v 0.004904 -0.082608 0.143136
v 0.011881 -0.084221 0.139648
v 0.004904 -0.082800 0.146624
v 0.004904 -0.082845 0.150112
v 0.006104 -0.083799 0.146624
v 0.006127 -0.083799 0.150112
v 0.006127 -0.083799 0.150112
v 0.011881 -0.083960 0.146624
v 0.014846 -0.082055 0.146624
v 0.010137 -0.084459 0.148368
v 0.011881 -0.083819 0.148368
v 0.010137 -0.084374 0.150112
v 0.011881 -0.083799 0.148693
v 0.005240 -0.061126 0.148368
v 0.025833 -0.061351 0.146624
v 0.025944 -0.061126 0.146624
v 0.025833 -0.061126 0.149351
v 0.027207 -0.061126 0.123951
v 0.005952 -0.059382 0.148368
v 0.005715 -0.059382 0.150112
v 0.008392 -0.052406 0.147484
v 0.008392 -0.051945 0.148368
v 0.008664 -0.050662 0.148368
v 0.013625 -0.038786 0.139648
v 0.013717 -0.038453 0.139648
v 0.013717 -0.038453 0.139648
v 0.014233 -0.036709 0.139648
v 0.013625 -0.038453 0.140046
v 0.013625 -0.038453 0.140046
v 0.006261 -0.083799 0.151856
v 0.004904 -0.082782 0.151856
v 0.004904 -0.082782 0.151856
v 0.010137 -0.084172 0.155344
v 0.011192 -0.083799 0.155344
v 0.010137 -0.084243 0.157088
v 0.011315 -0.083799 0.157088
v 0.011881 -0.083486 0.157088
v 0.008392 -0.084611 0.160576
v 0.011881 -0.083577 0.160576
v 0.011881 -0.083577 0.160576
v 0.011881 -0.083448 0.164065
v 0.013940 -0.082055 0.164065
v 0.004492 -0.082055 0.169297
v 0.006648 -0.083478 0.169297
v 0.008392 -0.083724 0.169297
v 0.006648 -0.083083 0.171041
v 0.006648 -0.083083 0.171041
v 0.006648 -0.083083 0.171041
v 0.008392 -0.083303 0.171041
v 0.008392 -0.083303 0.171041
v 0.008392 -0.083303 0.171041
v 0.010137 -0.084239 0.164065
v 0.010137 -0.084239 0.164065
v 0.011255 -0.083799 0.164065
v 0.011255 -0.083799 0.164065
v 0.010765 -0.083799 0.165809
v 0.011881 -0.083249 0.165809
v 0.009988 -0.083799 0.167553
v 0.010137 -0.083799 0.167283
v 0.010137 -0.083799 0.167283
v 0.010137 -0.083750 0.167553
v 0.010137 -0.083750 0.167553
v 0.011881 -0.082981 0.167553
v 0.013377 -0.082055 0.167553
v 0.010137 -0.082924 0.171041
v 0.010137 -0.082924 0.171041
v 0.010137 -0.082924 0.171041
v 0.012839 -0.082055 0.169297
v 0.011997 -0.082055 0.171041
v 0.003318 -0.080311 0.169297
v 0.003553 -0.080311 0.171041
v 0.015369 -0.080606 0.167553
v 0.013625 -0.081883 0.167553
v 0.013625 -0.081524 0.169297
v 0.013625 -0.081524 0.169297
v 0.015369 -0.080311 0.169015
v 0.013625 -0.081024 0.171041
v 0.013625 -0.081024 0.171041
v 0.013625 -0.081024 0.171041
v 0.014610 -0.080311 0.171041
v 0.004904 -0.082055 0.171065
v 0.005848 -0.082055 0.172785
v 0.005848 -0.082055 0.172785
v 0.006648 -0.082437 0.172785
v 0.006648 -0.082437 0.172785
v 0.008392 -0.082687 0.172785
v 0.008392 -0.082687 0.172785
v 0.008392 -0.082687 0.172785
v 0.008392 -0.082687 0.172785
v 0.006648 -0.082055 0.173506
v 0.006648 -0.082055 0.173506
v 0.010137 -0.082298 0.172785
v 0.010727 -0.082055 0.172785
v 0.010727 -0.082055 0.172785
v 0.010727 -0.082055 0.172785
v 0.011881 -0.082055 0.171244
v 0.011881 -0.082055 0.171244
v 0.004904 -0.080311 0.174150
v 0.004904 -0.080311 0.174150
v 0.004010 -0.078567 0.174529
v 0.004010 -0.078567 0.174529
v 0.004010 -0.078567 0.174529
v 0.004904 -0.079953 0.174529
v 0.004904 -0.079953 0.174529
v 0.005223 -0.080311 0.174529
v 0.006648 -0.081345 0.174529
v 0.006648 -0.081345 0.174529
v 0.004904 -0.078567 0.175680
v 0.004904 -0.078567 0.175680
v 0.004904 -0.078567 0.175680
v 0.006648 -0.080311 0.175623
v 0.006648 -0.079531 0.176273
v 0.006648 -0.079531 0.176273
v 0.006648 -0.078567 0.176942
v 0.006648 -0.078567 0.176942
v 0.006648 -0.078567 0.176942
v 0.008392 -0.078567 0.177507
v 0.008392 -0.078567 0.177507
v 0.008392 -0.078567 0.177507
v 0.004904 -0.077579 0.176273
v 0.006648 -0.076823 0.177843
v 0.006999 -0.076823 0.178017
v 0.006999 -0.076823 0.178017
v 0.006999 -0.076823 0.178017
v 0.008392 -0.077768 0.178017
v 0.008392 -0.077768 0.178017
v 0.008392 -0.077768 0.178017
v 0.011881 -0.081473 0.172785
v 0.011881 -0.081473 0.172785
v 0.010137 -0.081368 0.174529
v 0.010137 -0.081368 0.174529
v 0.010137 -0.081368 0.174529
v 0.011881 -0.080567 0.174529
v 0.011881 -0.080567 0.174529
v 0.012332 -0.080311 0.174529
v 0.013625 -0.079467 0.174529
v 0.014770 -0.078567 0.174529
v 0.014770 -0.078567 0.174529
v 0.015369 -0.078567 0.173667
v 0.015369 -0.078567 0.173667
v 0.015369 -0.078567 0.173667
v 0.015369 -0.078034 0.174529
v 0.015369 -0.078034 0.174529
v 0.015369 -0.078034 0.174529
v 0.010137 -0.080311 0.175892
v 0.010137 -0.080311 0.175892
v 0.011881 -0.080311 0.174931
v 0.011881 -0.080311 0.174931
v 0.011881 -0.080311 0.174931
v 0.010137 -0.079954 0.176273
v 0.010137 -0.079954 0.176273
v 0.010137 -0.079954 0.176273
v 0.011881 -0.079288 0.176273
v 0.011881 -0.079288 0.176273
v 0.011881 -0.079288 0.176273
v 0.011881 -0.079288 0.176273
v 0.010137 -0.078567 0.177537
v 0.010137 -0.078567 0.177537
v 0.010137 -0.078567 0.177537
v 0.011881 -0.078567 0.177041
v 0.011881 -0.078567 0.177041
v 0.013132 -0.078567 0.176273
v 0.013132 -0.078567 0.176273
v 0.013132 -0.078567 0.176273
v 0.013625 -0.078567 0.175836
v 0.010137 -0.077936 0.178017
v 0.011881 -0.077440 0.178017
v 0.015158 -0.076823 0.176273
v 0.015369 -0.076823 0.176037
v 0.015369 -0.076823 0.176037
v 0.015369 -0.076598 0.176273
v 0.015369 -0.076598 0.176273
v 0.012962 -0.076823 0.178017
v 0.012962 -0.076823 0.178017
v 0.013625 -0.076823 0.177620
v 0.013625 -0.076302 0.178017
v 0.013625 -0.076302 0.178017
v 0.014854 -0.075079 0.178017
v 0.014854 -0.075079 0.178017
v 0.015369 -0.075079 0.177596
v 0.016694 -0.078567 0.171041
v 0.015890 -0.078567 0.172785
v 0.015890 -0.078567 0.172785
v 0.017113 -0.078136 0.171041
v 0.017113 -0.077349 0.172785
v 0.017113 -0.077349 0.172785
v 0.018159 -0.076823 0.171041
v 0.018159 -0.076823 0.171041
v 0.017545 -0.076823 0.172785
v 0.018857 -0.075079 0.172309
v 0.016548 -0.076823 0.174529
v 0.017113 -0.076823 0.173630
v 0.017868 -0.075079 0.174529
v 0.016651 -0.075079 0.176273
v 0.017113 -0.075079 0.175681
v 0.003449 -0.071590 0.174529
v 0.003792 -0.069846 0.174529
v 0.004366 -0.071590 0.176273
v 0.004904 -0.073335 0.177169
v 0.004904 -0.071590 0.176989
v 0.005885 -0.071590 0.178017
v 0.005885 -0.071590 0.178017
v 0.006017 -0.069846 0.178017
v 0.015369 -0.074476 0.178017
v 0.006648 -0.061126 0.177318
v 0.007255 -0.061126 0.178017
v 0.007255 -0.061126 0.178017
v 0.020944 -0.071590 0.171041
v 0.018857 -0.074775 0.172785
v 0.018857 -0.074775 0.172785
v 0.018857 -0.073484 0.174529
v 0.018857 -0.073484 0.174529
v 0.018857 -0.073484 0.174529
v 0.019638 -0.073335 0.172785
v 0.019638 -0.073335 0.172785
v 0.020601 -0.072313 0.171041
v 0.020601 -0.071592 0.172785
v 0.020602 -0.071590 0.172785
v 0.018948 -0.073335 0.174529
v 0.019980 -0.071590 0.174529
v 0.019980 -0.071590 0.174529
v 0.019980 -0.071590 0.174529
v 0.020601 -0.071590 0.172789
v 0.021451 -0.069846 0.172785
v 0.020601 -0.070463 0.174529
v 0.020911 -0.069846 0.174529
v 0.021670 -0.068102 0.174529
v 0.021670 -0.068102 0.174529
v 0.021670 -0.068102 0.174529
v 0.017885 -0.073335 0.176273
v 0.017885 -0.073335 0.176273
v 0.018857 -0.073335 0.174707
v 0.018857 -0.073335 0.174707
v 0.018857 -0.071841 0.176273
v 0.018857 -0.071841 0.176273
v 0.018857 -0.071841 0.176273
v 0.016260 -0.073335 0.178017
v 0.017113 -0.073335 0.177200
v 0.017113 -0.072141 0.178017
v 0.017113 -0.072141 0.178017
v 0.017492 -0.071590 0.178017
v 0.017492 -0.071590 0.178017
v 0.018857 -0.071590 0.176500
v 0.018857 -0.071590 0.176500
v 0.018857 -0.071590 0.176500
v 0.019018 -0.071590 0.176273
v 0.018632 -0.069846 0.178017
v 0.018857 -0.069846 0.177791
v 0.020044 -0.069846 0.176273
v 0.020601 -0.069846 0.175249
v 0.020601 -0.069846 0.175249
v 0.020601 -0.068719 0.176273
v 0.020866 -0.068102 0.176273
v 0.019517 -0.068102 0.178017
v 0.019517 -0.068102 0.178017
v 0.020601 -0.068102 0.176696
v 0.022320 -0.066358 0.174529
v 0.022345 -0.066288 0.174529
v 0.021506 -0.066358 0.176273
v 0.021506 -0.066358 0.176273
v 0.022345 -0.064614 0.175734
v 0.020163 -0.066358 0.178017
v 0.020601 -0.066358 0.177546
v 0.020601 -0.066358 0.177546
v 0.020601 -0.064716 0.178017
v 0.020624 -0.064614 0.178017
v 0.022345 -0.063489 0.176273
v 0.022345 -0.063489 0.176273
v 0.022345 -0.063489 0.176273
v 0.020977 -0.062870 0.178017
v 0.022345 -0.062870 0.176512
v 0.022345 -0.062870 0.176512
v 0.021419 -0.061126 0.178017
v 0.022345 -0.061126 0.177140
v 0.023495 -0.064614 0.172785
v 0.024089 -0.062998 0.172785
v 0.024794 -0.061126 0.172785
v 0.023483 -0.062870 0.174529
v 0.024089 -0.062870 0.172937
v 0.024089 -0.062870 0.172937
v 0.024089 -0.061208 0.174529
v 0.022515 -0.062870 0.176273
v 0.022515 -0.062870 0.176273
v 0.025833 -0.060408 0.153600
v 0.026930 -0.057638 0.153600
v 0.025833 -0.059978 0.157088
v 0.007538 -0.059382 0.178017
v 0.008392 -0.056300 0.178017
v 0.008392 -0.055894 0.177854
v 0.008535 -0.055894 0.178017
v 0.008535 -0.055894 0.178017
v 0.009174 -0.054150 0.178017
v 0.009174 -0.054150 0.178017
v 0.028086 -0.054150 0.167553
v 0.027824 -0.054150 0.171041
v 0.028965 -0.050662 0.171041
v 0.022059 -0.059382 0.178017
v 0.022345 -0.059382 0.177775
v 0.022345 -0.059382 0.177775
v 0.022345 -0.058741 0.178017
v 0.022345 -0.058741 0.178017
v 0.025552 -0.057638 0.174529
v 0.025833 -0.057638 0.173822
v 0.025833 -0.056950 0.174529
v 0.026835 -0.055894 0.172785
v 0.027447 -0.054150 0.172785
v 0.026861 -0.054150 0.174529
v 0.026861 -0.054150 0.174529
v 0.023778 -0.059382 0.176273
v 0.024089 -0.058690 0.176273
v 0.024089 -0.058690 0.176273
v 0.024577 -0.057638 0.176273
v 0.022913 -0.057638 0.178017
v 0.024089 -0.057638 0.176887
v 0.024089 -0.057638 0.176887
v 0.024089 -0.057638 0.176887
v 0.025378 -0.055894 0.176273
v 0.025833 -0.054752 0.176273
v 0.025833 -0.054752 0.176273
v 0.023946 -0.055894 0.178017
v 0.024089 -0.055646 0.178017
v 0.024800 -0.054150 0.178017
v 0.024800 -0.054150 0.178017
v 0.024800 -0.054150 0.178017
v 0.025833 -0.054150 0.176634
v 0.025833 -0.054150 0.176634
v 0.025833 -0.054150 0.176634
v 0.026043 -0.054150 0.176273
v 0.026043 -0.054150 0.176273
v 0.028383 -0.052406 0.171041
v 0.028004 -0.052406 0.172785
v 0.028570 -0.050662 0.172785
v 0.028570 -0.050662 0.172785
v 0.027390 -0.052406 0.174529
v 0.027577 -0.051782 0.174529
v 0.029173 -0.048917 0.172785
v 0.028526 -0.048917 0.174529
v 0.025362 -0.052406 0.178017
v 0.025362 -0.052406 0.178017
v 0.025362 -0.052406 0.178017
v 0.025833 -0.052406 0.177421
v 0.025829 -0.050662 0.178017
v 0.025833 -0.050662 0.178013
v 0.026560 -0.052406 0.176273
v 0.026560 -0.052406 0.176273
v 0.027058 -0.050662 0.176273
v 0.027058 -0.050662 0.176273
v 0.027058 -0.050662 0.176273
v 0.025833 -0.050648 0.178017
v 0.025833 -0.050648 0.178017
v 0.025833 -0.050648 0.178017
v 0.027577 -0.049082 0.176273
v 0.028255 -0.047174 0.176273
v 0.026378 -0.048917 0.178017
v 0.026378 -0.048917 0.178017
v 0.027577 -0.048917 0.176368
v 0.027015 -0.047174 0.178017
v 0.027577 -0.047174 0.177311
v 0.011121 -0.043685 0.176273
v 0.011693 -0.045429 0.178017
v 0.011881 -0.044896 0.178017
v 0.011881 -0.043685 0.177501
v 0.011731 -0.041941 0.176273
v 0.011881 -0.041549 0.176273
v 0.011881 -0.041941 0.176548
v 0.011881 -0.041941 0.176548
v 0.012455 -0.040197 0.176273
v 0.013062 -0.041941 0.178017
v 0.013625 -0.040778 0.178017
v 0.014313 -0.036709 0.176273
v 0.015369 -0.036709 0.177495
v 0.015369 -0.034965 0.176479
v 0.015369 -0.034965 0.176479
v 0.028844 -0.045429 0.176273
v 0.029317 -0.043685 0.176273
v 0.027577 -0.045593 0.178017
v 0.028097 -0.043685 0.178017
v 0.028097 -0.043685 0.178017
v 0.028351 -0.041941 0.178017
v 0.028426 -0.040197 0.178017
v 0.015976 -0.036709 0.178017
v 0.016911 -0.034965 0.178017
v 0.016911 -0.034965 0.178017
v 0.028391 -0.038453 0.178017
v 0.028448 -0.036709 0.178017
v 0.028835 -0.034965 0.178017
v 0.028835 -0.034965 0.178017
v 0.008392 -0.076823 0.178519
v 0.008392 -0.076823 0.178519
v 0.006648 -0.075079 0.178363
v 0.008392 -0.075079 0.179170
v 0.008392 -0.075079 0.179170
v 0.008392 -0.075079 0.179170
v 0.010137 -0.076823 0.178727
v 0.011881 -0.076823 0.178451
v 0.010137 -0.075079 0.179518
v 0.010137 -0.075079 0.179518
v 0.011881 -0.075079 0.179392
v 0.013625 -0.075079 0.178783
v 0.013625 -0.075079 0.178783
v 0.006648 -0.073335 0.178601
v 0.008392 -0.073335 0.179541
v 0.006648 -0.071590 0.178671
v 0.006648 -0.071590 0.178671
v 0.008357 -0.071590 0.179761
v 0.008357 -0.071590 0.179761
v 0.008392 -0.071741 0.179761
v 0.008392 -0.071741 0.179761
v 0.008392 -0.071590 0.179779
v 0.006648 -0.068102 0.178508
v 0.008078 -0.068102 0.179761
v 0.008392 -0.069846 0.179949
v 0.008392 -0.068102 0.179973
v 0.009013 -0.073335 0.179761
v 0.010137 -0.074297 0.179761
v 0.010137 -0.074297 0.179761
v 0.010137 -0.071590 0.180346
v 0.011881 -0.071590 0.180459
v 0.013625 -0.073335 0.179587
v 0.015369 -0.073335 0.178690
v 0.015369 -0.073335 0.178690
v 0.013625 -0.072862 0.179761
v 0.013625 -0.072862 0.179761
v 0.014810 -0.071590 0.179761
v 0.014810 -0.071590 0.179761
v 0.013625 -0.071590 0.180176
v 0.010137 -0.069846 0.180629
v 0.010137 -0.069846 0.180629
v 0.010137 -0.069846 0.180629
v 0.011881 -0.069846 0.180835
v 0.011881 -0.069846 0.180835
v 0.011881 -0.069846 0.180835
v 0.010137 -0.068102 0.180778
v 0.010137 -0.068102 0.180778
v 0.011881 -0.068102 0.181079
v 0.011881 -0.068102 0.181079
v 0.013625 -0.069846 0.180668
v 0.013625 -0.068102 0.181014
v 0.013625 -0.068102 0.181014
v 0.015369 -0.068102 0.180605
v 0.015369 -0.068102 0.180605
v 0.015369 -0.068102 0.180605
v 0.006648 -0.066358 0.178212
v 0.008392 -0.066259 0.179761
v 0.008392 -0.066259 0.179761
v 0.008392 -0.064614 0.179478
v 0.008392 -0.066358 0.179778
v 0.008392 -0.062870 0.179220
v 0.008392 -0.062870 0.179220
v 0.008392 -0.061126 0.179011
v 0.008798 -0.064614 0.179761
v 0.008798 -0.064614 0.179761
v 0.008798 -0.064614 0.179761
v 0.010137 -0.066358 0.180711
v 0.010137 -0.066358 0.180711
v 0.010137 -0.066358 0.180711
v 0.011881 -0.066358 0.181135
v 0.011881 -0.066358 0.181135
v 0.010137 -0.064614 0.180505
v 0.010137 -0.064614 0.180505
v 0.011881 -0.064614 0.181055
v 0.011881 -0.064614 0.181055
v 0.011881 -0.064614 0.181055
v 0.009194 -0.062870 0.179761
v 0.009194 -0.062870 0.179761
v 0.009536 -0.061126 0.179761
v 0.009536 -0.061126 0.179761
v 0.010137 -0.062870 0.180280
v 0.010137 -0.062870 0.180280
v 0.011881 -0.062870 0.180916
v 0.011881 -0.062870 0.180916
v 0.011881 -0.062870 0.180916
v 0.010137 -0.061126 0.180087
v 0.010137 -0.061126 0.180087
v 0.010137 -0.061126 0.180087
v 0.011881 -0.061126 0.180789
v 0.011881 -0.061126 0.180789
v 0.013625 -0.062870 0.181152
v 0.013625 -0.061126 0.181122
v 0.013625 -0.061126 0.181122
v 0.013625 -0.061126 0.181122
v 0.015369 -0.061126 0.181070
v 0.015369 -0.061126 0.181070
v 0.017113 -0.071590 0.178341
v 0.016186 -0.069846 0.179761
v 0.016186 -0.069846 0.179761
v 0.017113 -0.069846 0.179224
v 0.017113 -0.069846 0.179224
v 0.017113 -0.069846 0.179224
v 0.017113 -0.068329 0.179761
v 0.017113 -0.068329 0.179761
v 0.017113 -0.068329 0.179761
v 0.017113 -0.068329 0.179761
v 0.017113 -0.068329 0.179761
v 0.017222 -0.068102 0.179761
v 0.017222 -0.068102 0.179761
v 0.018857 -0.068102 0.178623
v 0.017113 -0.068102 0.179823
v 0.017113 -0.068102 0.179823
v 0.017113 -0.068102 0.179823
v 0.017113 -0.068102 0.179823
v 0.017865 -0.066358 0.179761
v 0.018857 -0.064614 0.179391
v 0.017113 -0.066358 0.180170
v 0.017113 -0.066358 0.180170
v 0.017113 -0.066358 0.180170
v 0.017113 -0.064614 0.180354
v 0.020601 -0.064614 0.178038
v 0.018524 -0.062870 0.179761
v 0.018524 -0.062870 0.179761
v 0.018524 -0.062870 0.179761
v 0.018857 -0.062870 0.179564
v 0.018857 -0.062870 0.179564
v 0.018857 -0.061293 0.179761
v 0.018857 -0.061293 0.179761
v 0.018857 -0.061293 0.179761
v 0.017113 -0.061126 0.180613
v 0.017113 -0.061126 0.180613
v 0.017113 -0.061126 0.180613
v 0.018857 -0.061126 0.179787
v 0.018857 -0.061126 0.179787
v 0.018903 -0.061126 0.179761
v 0.018903 -0.061126 0.179761
v 0.020601 -0.061126 0.178662
v 0.008392 -0.057638 0.178434
v 0.009849 -0.059382 0.179761
v 0.010137 -0.057891 0.179761
v 0.010137 -0.057638 0.179729
v 0.010137 -0.057638 0.179729
v 0.010189 -0.057638 0.179761
v 0.010189 -0.057638 0.179761
v 0.010189 -0.057638 0.179761
v 0.010137 -0.059382 0.179922
v 0.011881 -0.059382 0.180704
v 0.011881 -0.057638 0.180610
v 0.013625 -0.059382 0.181131
v 0.013625 -0.059382 0.181131
v 0.015369 -0.059382 0.181177
v 0.015369 -0.059382 0.181177
v 0.015369 -0.059382 0.181177
v 0.013625 -0.057638 0.181120
v 0.015369 -0.057638 0.181255
v 0.015369 -0.057638 0.181255
v 0.010137 -0.055894 0.179420
v 0.010137 -0.055894 0.179420
v 0.010137 -0.055894 0.179420
v 0.010651 -0.055894 0.179761
v 0.011296 -0.054150 0.179761
v 0.011881 -0.055894 0.180411
v 0.011881 -0.054150 0.180073
v 0.011881 -0.054150 0.180073
v 0.013625 -0.055894 0.180996
v 0.015369 -0.055894 0.181222
v 0.015369 -0.055894 0.181222
v 0.013625 -0.054150 0.180740
v 0.013625 -0.054150 0.180740
v 0.015369 -0.054150 0.181081
v 0.015369 -0.054150 0.181081
v 0.011881 -0.052762 0.179761
v 0.011881 -0.052762 0.179761
v 0.011881 -0.052762 0.179761
v 0.012023 -0.052406 0.179761
v 0.012578 -0.050662 0.179761
v 0.013625 -0.052406 0.180450
v 0.013625 -0.052406 0.180450
v 0.013625 -0.052406 0.180450
v 0.015369 -0.052406 0.180905
v 0.013625 -0.050662 0.180242
v 0.015369 -0.050662 0.180783
v 0.011881 -0.047174 0.178762
v 0.012905 -0.048917 0.179761
v 0.013280 -0.047174 0.179761
v 0.013280 -0.047174 0.179761
v 0.013280 -0.047174 0.179761
v 0.013625 -0.048917 0.180120
v 0.013625 -0.048917 0.180120
v 0.015369 -0.048917 0.180734
v 0.015369 -0.048917 0.180734
v 0.013625 -0.047174 0.179947
v 0.013625 -0.047174 0.179947
v 0.015369 -0.047174 0.180639
v 0.015369 -0.047174 0.180639
v 0.017113 -0.059382 0.180829
v 0.017113 -0.059382 0.180829
v 0.018857 -0.059382 0.180116
v 0.018857 -0.059382 0.180116
v 0.018857 -0.059382 0.180116
v 0.017113 -0.057638 0.181024
v 0.017113 -0.057638 0.181024
v 0.018857 -0.057638 0.180460
v 0.018857 -0.057638 0.180460
v 0.018857 -0.057638 0.180460
v 0.018857 -0.057638 0.180460
v 0.019529 -0.059382 0.179761
v 0.019529 -0.059382 0.179761
v 0.019529 -0.059382 0.179761
v 0.020601 -0.059382 0.179104
v 0.020327 -0.057638 0.179761
v 0.022345 -0.057638 0.178458
v 0.017113 -0.055894 0.181128
v 0.017113 -0.055894 0.181128
v 0.018857 -0.055894 0.180750
v 0.018857 -0.055894 0.180750
v 0.018857 -0.055894 0.180750
v 0.017113 -0.054150 0.181144
v 0.017113 -0.054150 0.181144
v 0.018857 -0.054150 0.180958
v 0.018857 -0.054150 0.180958
v 0.020601 -0.057118 0.179761
v 0.020601 -0.057118 0.179761
v 0.021352 -0.055894 0.179761
v 0.021352 -0.055894 0.179761
v 0.021352 -0.055894 0.179761
v 0.022345 -0.055894 0.179209
v 0.022345 -0.055894 0.179209
v 0.022345 -0.054360 0.179761
v 0.020601 -0.055894 0.180114
v 0.020601 -0.055894 0.180114
v 0.020601 -0.055894 0.180114
v 0.020601 -0.054150 0.180532
v 0.020601 -0.054150 0.180532
v 0.017113 -0.052406 0.181109
v 0.018857 -0.052406 0.181078
v 0.018857 -0.052406 0.181078
v 0.018857 -0.052406 0.181078
v 0.018857 -0.052406 0.181078
v 0.017113 -0.050662 0.181080
v 0.017113 -0.050662 0.181080
v 0.018857 -0.050662 0.181153
v 0.018857 -0.050662 0.181153
v 0.018857 -0.050662 0.181153
v 0.020601 -0.052406 0.180801
v 0.020601 -0.050662 0.180975
v 0.022345 -0.050662 0.180477
v 0.017113 -0.048917 0.181083
v 0.018857 -0.048917 0.181214
v 0.018857 -0.048917 0.181214
v 0.017113 -0.047174 0.181032
v 0.017113 -0.047174 0.181032
v 0.020601 -0.048917 0.181104
v 0.020601 -0.048917 0.181104
v 0.020601 -0.048917 0.181104
v 0.022345 -0.048917 0.180690
v 0.020601 -0.047174 0.181141
v 0.020601 -0.047174 0.181141
v 0.022345 -0.047174 0.180824
v 0.022345 -0.047174 0.180824
v 0.023243 -0.052406 0.179761
v 0.024089 -0.052406 0.179205
v 0.024089 -0.052406 0.179205
v 0.023785 -0.050662 0.179761
v 0.023785 -0.050662 0.179761
v 0.024089 -0.050662 0.179566
v 0.024089 -0.050662 0.179566
v 0.024089 -0.049649 0.179761
v 0.024089 -0.049649 0.179761
v 0.024089 -0.049649 0.179761
v 0.025833 -0.048917 0.178587
v 0.024914 -0.047174 0.179761
v 0.025833 -0.047174 0.179135
v 0.024089 -0.048917 0.179900
v 0.011881 -0.045429 0.178221
v 0.013625 -0.046147 0.179761
v 0.013625 -0.046147 0.179761
v 0.013625 -0.046147 0.179761
v 0.013625 -0.045429 0.179588
v 0.013625 -0.045429 0.179588
v 0.013933 -0.045429 0.179761
v 0.013933 -0.045429 0.179761
v 0.013625 -0.043685 0.179081
v 0.015369 -0.045429 0.180385
v 0.015369 -0.043685 0.179994
v 0.015369 -0.042795 0.179761
v 0.015369 -0.041941 0.179520
v 0.015369 -0.040197 0.178968
v 0.015369 -0.040197 0.178968
v 0.015369 -0.038453 0.178315
v 0.017113 -0.043685 0.180514
v 0.017113 -0.043685 0.180514
v 0.017113 -0.043685 0.180514
v 0.022345 -0.045429 0.180841
v 0.022345 -0.045429 0.180841
v 0.020601 -0.043685 0.180850
v 0.022345 -0.043685 0.180779
v 0.015959 -0.041941 0.179761
v 0.015959 -0.041941 0.179761
v 0.015959 -0.041941 0.179761
v 0.015959 -0.041941 0.179761
v 0.017113 -0.040317 0.179761
v 0.017113 -0.040317 0.179761
v 0.017113 -0.040317 0.179761
v 0.017113 -0.040317 0.179761
v 0.017187 -0.040197 0.179761
v 0.017113 -0.041941 0.180127
v 0.017113 -0.041941 0.180127
v 0.017113 -0.041941 0.180127
v 0.017113 -0.041941 0.180127
v 0.018857 -0.041941 0.180485
v 0.018857 -0.040197 0.180247
v 0.018857 -0.040197 0.180247
v 0.018857 -0.040197 0.180247
v 0.020601 -0.041941 0.180675
v 0.022345 -0.041941 0.180690
v 0.020601 -0.040197 0.180549
v 0.022345 -0.040197 0.180611
v 0.022345 -0.040197 0.180611
v 0.025488 -0.045429 0.179761
v 0.025488 -0.045429 0.179761
v 0.025488 -0.045429 0.179761
v 0.025488 -0.045429 0.179761
v 0.025833 -0.045429 0.179557
v 0.025833 -0.045429 0.179557
v 0.025833 -0.045429 0.179557
v 0.025833 -0.044023 0.179761
v 0.024089 -0.045429 0.180389
v 0.024089 -0.045429 0.180389
v 0.024089 -0.045429 0.180389
v 0.024089 -0.043685 0.180467
v 0.025890 -0.043685 0.179761
v 0.025833 -0.041941 0.179851
v 0.025833 -0.041941 0.179851
v 0.024089 -0.040197 0.180382
v 0.024089 -0.040197 0.180382
v 0.024089 -0.040197 0.180382
v 0.025833 -0.040197 0.179806
v 0.026020 -0.041941 0.179761
v 0.026020 -0.041941 0.179761
v 0.026020 -0.041941 0.179761
v 0.027577 -0.041941 0.178752
v 0.027577 -0.041941 0.178752
v 0.025932 -0.040197 0.179761
v 0.025932 -0.040197 0.179761
v 0.027577 -0.040197 0.178763
v 0.027577 -0.040197 0.178763
v 0.017113 -0.038453 0.179321
v 0.018135 -0.038453 0.179761
v 0.017113 -0.036709 0.178806
v 0.017113 -0.036709 0.178806
v 0.017113 -0.036709 0.178806
v 0.018857 -0.037093 0.179761
v 0.018857 -0.037093 0.179761
v 0.018857 -0.036709 0.179672
v 0.018857 -0.036709 0.179672
v 0.018857 -0.038453 0.180014
v 0.020601 -0.038453 0.180426
v 0.020601 -0.038453 0.180426
v 0.022345 -0.038453 0.180528
v 0.022345 -0.038453 0.180528
v 0.022345 -0.038453 0.180528
v 0.020601 -0.036709 0.180166
v 0.022345 -0.036709 0.180321
v 0.022345 -0.036709 0.180321
v 0.022345 -0.036709 0.180321
v 0.017113 -0.034965 0.178168
v 0.018857 -0.034965 0.179155
v 0.020911 -0.034965 0.179761
v 0.022345 -0.034393 0.179761
v 0.022345 -0.034393 0.179761
v 0.022345 -0.034965 0.179919
v 0.022345 -0.034965 0.179919
v 0.025720 -0.038453 0.179761
v 0.025833 -0.038453 0.179711
v 0.025371 -0.036709 0.179761
v 0.025371 -0.036709 0.179761
v 0.025371 -0.036709 0.179761
v 0.025833 -0.036709 0.179576
v 0.025833 -0.036709 0.179576
v 0.025833 -0.036709 0.179576
v 0.025833 -0.036709 0.179576
v 0.024089 -0.038453 0.180297
v 0.024089 -0.038453 0.180297
v 0.024089 -0.036709 0.180130
v 0.024089 -0.036709 0.180130
v 0.027577 -0.038453 0.178677
v 0.027577 -0.038453 0.178677
v 0.027577 -0.036709 0.178622
v 0.027577 -0.036709 0.178622
v 0.027577 -0.036709 0.178622
v 0.024614 -0.034965 0.179761
v 0.024614 -0.034965 0.179761
v 0.024614 -0.034965 0.179761
v 0.025833 -0.034965 0.179444
v 0.025833 -0.034965 0.179444
v 0.025833 -0.034965 0.179444
v 0.025833 -0.034965 0.179444
v 0.024089 -0.034517 0.179761
v 0.024089 -0.034517 0.179761
v 0.024089 -0.034517 0.179761
v 0.024089 -0.034965 0.179845
v 0.027577 -0.034965 0.178702
v 0.022304 -0.029733 0.066397
v 0.022345 -0.029641 0.066397
v 0.022345 -0.029703 0.068141
v 0.022822 -0.024501 0.089070
v 0.023859 -0.022757 0.089070
v 0.023706 -0.022757 0.090814
v 0.024089 -0.022086 0.090814
v 0.023436 -0.022757 0.092558
v 0.024089 -0.021523 0.092558
v 0.021368 -0.026245 0.096046
v 0.022068 -0.024501 0.096046
v 0.021837 -0.024501 0.097790
v 0.020237 -0.026245 0.104766
v 0.020067 -0.026245 0.106510
v 0.020601 -0.025206 0.104766
v 0.028298 -0.005316 0.108254
v 0.021452 -0.022757 0.120463
v 0.020601 -0.024501 0.121761
v 0.021295 -0.022757 0.122207
v 0.025833 -0.007060 0.118288
v 0.026012 -0.007060 0.116975
v 0.026284 -0.005316 0.116975
v 0.028857 -0.003572 0.108254
v 0.028450 -0.003572 0.109998
v 0.028412 -0.001828 0.111743
v 0.028412 -0.001828 0.111743
v 0.028717 -0.000084 0.111743
v 0.027469 -0.003572 0.113487
v 0.027577 -0.003572 0.113106
v 0.027577 -0.003187 0.113487
v 0.027577 -0.003187 0.113487
v 0.027577 -0.003187 0.113487
v 0.027039 -0.003572 0.115231
v 0.027039 -0.003572 0.115231
v 0.027577 -0.001828 0.115076
v 0.028258 -0.000084 0.113487
v 0.019391 -0.026245 0.123951
v 0.020381 -0.024501 0.123951
v 0.020198 -0.024501 0.125695
v 0.024429 -0.007060 0.141392
v 0.024210 -0.007060 0.143136
v 0.025036 -0.005316 0.143136
v 0.015369 -0.030122 0.164065
v 0.015895 -0.029733 0.162321
v 0.015895 -0.029733 0.162321
v 0.015500 -0.029733 0.164065
v 0.015500 -0.029733 0.164065
v 0.016032 -0.027989 0.164065
v 0.016074 -0.029733 0.174529
v 0.016591 -0.031477 0.176273
v 0.016591 -0.031477 0.176273
v 0.017113 -0.030066 0.176273
v 0.017113 -0.030066 0.176273
v 0.017113 -0.029733 0.176121
v 0.017242 -0.029733 0.176273
v 0.017113 -0.031477 0.176850
v 0.018857 -0.031198 0.178017
v 0.018857 -0.031198 0.178017
v 0.018857 -0.029733 0.177641
v 0.019554 -0.029733 0.178017
v 0.018857 -0.026245 0.176496
v 0.020148 -0.027989 0.178017
v 0.020538 -0.026245 0.178017
v 0.018857 -0.025699 0.176273
v 0.018857 -0.024501 0.175779
v 0.019202 -0.024501 0.176273
v 0.019575 -0.022757 0.176273
v 0.020601 -0.025900 0.178017
v 0.020601 -0.025900 0.178017
v 0.020601 -0.024501 0.177836
v 0.020801 -0.024501 0.178017
v 0.020601 -0.022757 0.177600
v 0.020601 -0.022757 0.177600
v 0.020990 -0.022757 0.178017
v 0.020990 -0.022757 0.178017
v 0.020601 -0.021012 0.177231
v 0.021275 -0.021012 0.178017
v 0.021275 -0.021012 0.178017
v 0.020601 -0.019268 0.176659
v 0.021714 -0.019268 0.178017
v 0.022345 -0.016956 0.178017
v 0.022345 -0.016956 0.178017
v 0.022345 -0.015780 0.177682
v 0.022345 -0.014036 0.177146
v 0.022652 -0.015780 0.178017
v 0.023037 -0.014036 0.178017
v 0.023037 -0.014036 0.178017
v 0.023308 -0.012292 0.178017
v 0.024089 -0.007352 0.178017
v 0.024089 -0.007060 0.177894
v 0.024161 -0.007060 0.178017
v 0.024161 -0.007060 0.178017
v 0.024631 -0.005316 0.178017
v 0.025112 -0.001828 0.155344
v 0.025578 -0.000084 0.155344
v 0.025018 -0.000084 0.157088
v 0.023709 -0.003572 0.164065
v 0.024089 -0.002170 0.164065
v 0.023568 -0.003572 0.165809
v 0.024346 -0.000084 0.167553
v 0.024089 -0.000321 0.169297
v 0.024156 -0.000084 0.169297
v 0.025833 0.000102 0.178017
v 0.027400 0.008637 0.174529
v 0.027077 0.003405 0.178017
v 0.027577 0.004299 0.178017
v 0.027577 0.004299 0.178017
v 0.027577 0.005149 0.177375
v 0.028061 0.005149 0.178017
v 0.027577 0.008637 0.174867
v 0.028445 0.008637 0.176273
v 0.028952 0.006893 0.178017
v 0.027577 0.011249 0.172785
v 0.028024 0.012125 0.172785
v 0.027577 0.009160 0.174529
v 0.028875 0.012125 0.174529
v 0.018857 -0.031477 0.178088
v 0.020601 -0.031477 0.178716
v 0.020601 -0.031477 0.178716
v 0.020601 -0.031477 0.178716
v 0.022345 -0.031477 0.179075
v 0.022345 -0.029733 0.178910
v 0.020601 -0.027989 0.178251
v 0.020601 -0.027989 0.178251
v 0.022345 -0.027989 0.178936
v 0.022345 -0.027989 0.178936
v 0.022345 -0.027989 0.178936
v 0.022345 -0.026245 0.179033
v 0.022345 -0.026245 0.179033
v 0.022345 -0.026245 0.179033
v 0.024089 -0.031477 0.179290
v 0.024089 -0.029733 0.179229
v 0.025833 -0.029733 0.179382
v 0.027577 -0.031477 0.179044
v 0.027577 -0.031477 0.179044
v 0.027577 -0.031477 0.179044
v 0.024089 -0.027989 0.179365
v 0.024089 -0.027989 0.179365
v 0.024089 -0.027989 0.179365
v 0.024089 -0.027989 0.179365
v 0.024089 -0.027989 0.179365
v 0.024089 -0.027989 0.179365
v 0.025833 -0.027989 0.179599
v 0.025833 -0.027989 0.179599
v 0.024089 -0.026245 0.179617
v 0.024089 -0.026245 0.179617
v 0.024089 -0.026245 0.179617
v 0.024752 -0.026245 0.179761
v 0.024752 -0.026245 0.179761
v 0.024752 -0.026245 0.179761
v 0.025833 -0.027039 0.179761
v 0.025833 -0.027039 0.179761
v 0.027577 -0.027989 0.179588
v 0.027577 -0.027076 0.179761
v 0.028570 -0.026245 0.179761
v 0.028570 -0.026245 0.179761
v 0.028570 -0.026245 0.179761
v 0.027577 -0.026245 0.179912
v 0.027577 -0.026245 0.179912
v 0.022345 -0.024501 0.179117
v 0.022345 -0.022757 0.179145
v 0.022345 -0.022757 0.179145
v 0.022345 -0.021012 0.178977
v 0.022345 -0.021012 0.178977
v 0.022345 -0.019268 0.178608
v 0.024089 -0.025298 0.179761
v 0.024089 -0.025298 0.179761
v 0.023435 -0.022757 0.179761
v 0.024089 -0.024501 0.179873
v 0.025833 -0.024501 0.180212
v 0.025833 -0.024501 0.180212
v 0.024089 -0.022757 0.180029
v 0.025833 -0.022757 0.180414
v 0.027577 -0.024501 0.180187
v 0.027577 -0.024501 0.180187
v 0.027577 -0.024501 0.180187
v 0.023585 -0.021012 0.179761
v 0.024014 -0.019268 0.179761
v 0.024089 -0.021012 0.179997
v 0.024089 -0.021012 0.179997
v 0.025833 -0.021012 0.180473
v 0.025833 -0.021012 0.180473
v 0.024089 -0.019268 0.179801
v 0.025833 -0.019268 0.180408
v 0.025833 -0.019268 0.180408
v 0.025833 -0.019268 0.180408
v 0.025833 -0.019268 0.180408
v 0.027577 -0.021012 0.180458
v 0.027577 -0.019268 0.180480
v 0.022345 -0.017524 0.178168
v 0.024089 -0.018993 0.179761
v 0.024089 -0.017524 0.179538
v 0.024089 -0.017524 0.179538
v 0.024482 -0.017524 0.179761
v 0.024482 -0.017524 0.179761
v 0.024089 -0.015780 0.179272
v 0.024089 -0.015780 0.179272
v 0.024877 -0.015780 0.179761
v 0.025833 -0.017524 0.180285
v 0.025833 -0.017524 0.180285
v 0.027577 -0.017524 0.180476
v 0.027577 -0.017524 0.180476
v 0.027577 -0.015780 0.180499
v 0.024089 -0.014036 0.179047
v 0.024089 -0.012292 0.178868
v 0.024089 -0.012292 0.178868
v 0.025269 -0.012292 0.179761
v 0.025269 -0.012292 0.179761
v 0.025833 -0.014036 0.180110
v 0.025833 -0.012292 0.180063
v 0.025833 -0.012292 0.180063
v 0.025833 -0.012292 0.180063
v 0.027577 -0.014036 0.180564
v 0.027577 -0.012292 0.180628
v 0.024089 -0.010548 0.178705
v 0.025377 -0.010548 0.179761
v 0.025377 -0.010548 0.179761
v 0.025833 -0.008804 0.179913
v 0.027577 -0.010548 0.180648
v 0.027577 -0.010548 0.180648
v 0.027577 -0.010548 0.180648
v 0.027577 -0.008804 0.180579
v 0.027577 -0.008804 0.180579
v 0.025833 -0.007587 0.179761
v 0.025833 -0.007060 0.179672
v 0.025833 -0.005316 0.179312
v 0.025986 -0.007060 0.179761
v 0.026546 -0.005316 0.179761
v 0.026546 -0.005316 0.179761
v 0.027577 -0.007060 0.180406
v 0.027577 -0.005316 0.180211
v 0.025833 -0.003572 0.178921
v 0.025833 -0.003572 0.178921
v 0.026963 -0.003572 0.179761
v 0.027193 -0.001828 0.179761
v 0.027577 -0.003572 0.180078
v 0.025833 -0.000084 0.178082
v 0.027434 -0.000084 0.179761
v 0.027577 0.000565 0.179761
v 0.027577 0.000565 0.179761
v 0.027577 0.000565 0.179761
v 0.027577 0.001660 0.179474
v 0.027936 0.001660 0.179761
v 0.027936 0.001660 0.179761
v 0.027577 -0.000084 0.179865
v 0.027577 0.003405 0.178627
v 0.027577 0.003405 0.178627
v 0.028856 0.003405 0.179761
v 0.028856 0.003405 0.179761
v 0.030269 -0.061126 0.024539
v 0.031180 -0.057638 0.014075
v 0.032338 -0.054150 0.014075
v 0.031540 -0.057638 0.017563
v 0.035267 -0.047174 0.017563
v 0.031442 -0.057638 0.024539
v 0.032809 -0.053874 0.021051
v 0.033982 -0.050662 0.021051
v 0.032809 -0.053753 0.024539
v 0.036298 -0.043864 0.017563
v 0.036298 -0.044091 0.021051
v 0.036298 -0.043685 0.024422
v 0.037543 -0.040197 0.021051
v 0.037347 -0.040197 0.024539
v 0.038808 -0.036709 0.021051
v 0.039786 -0.033624 0.021051
v 0.038620 -0.036709 0.024539
v 0.031314 -0.057638 0.028027
v 0.033711 -0.050662 0.028027
v 0.034998 -0.047174 0.028027
v 0.034823 -0.047174 0.031515
v 0.035065 -0.047174 0.038492
v 0.036298 -0.043107 0.031515
v 0.036298 -0.043237 0.035003
v 0.036287 -0.043685 0.038492
v 0.037361 -0.040197 0.035003
v 0.037361 -0.040197 0.035003
v 0.037488 -0.040197 0.038492
v 0.038546 -0.036709 0.035003
v 0.029412 -0.062870 0.045468
v 0.029412 -0.062870 0.045468
v 0.030080 -0.061126 0.045468
v 0.029369 -0.062870 0.047212
v 0.030026 -0.061126 0.047212
v 0.030026 -0.061126 0.047212
v 0.029954 -0.061126 0.048956
v 0.029845 -0.061126 0.050700
v 0.029436 -0.061126 0.064653
v 0.029361 -0.061126 0.066397
v 0.030715 -0.059382 0.040236
v 0.031065 -0.058231 0.040236
v 0.030726 -0.059382 0.041980
v 0.035110 -0.047174 0.040236
v 0.034519 -0.048917 0.045468
v 0.030620 -0.059382 0.047212
v 0.030568 -0.059382 0.048956
v 0.033964 -0.050662 0.048956
v 0.034524 -0.048917 0.047212
v 0.034524 -0.048917 0.047212
v 0.034554 -0.048819 0.047212
v 0.034537 -0.048917 0.048956
v 0.034554 -0.048862 0.048956
v 0.033994 -0.050662 0.050700
v 0.034554 -0.048917 0.050077
v 0.035102 -0.047174 0.050700
v 0.037514 -0.040197 0.041980
v 0.037490 -0.040197 0.045468
v 0.038753 -0.036709 0.045468
v 0.036234 -0.043685 0.048956
v 0.036298 -0.043685 0.051577
v 0.030298 -0.059382 0.055932
v 0.031013 -0.057638 0.055932
v 0.030954 -0.057638 0.057676
v 0.031065 -0.057234 0.059420
v 0.031622 -0.055894 0.059420
v 0.031065 -0.057220 0.061164
v 0.030831 -0.057638 0.066397
v 0.031065 -0.057252 0.064653
v 0.031065 -0.057141 0.066397
v 0.033336 -0.052406 0.066397
v 0.036298 -0.044501 0.059420
v 0.037846 -0.040197 0.055932
v 0.037924 -0.040197 0.059420
v 0.039041 -0.036709 0.055932
v 0.036298 -0.044754 0.062909
v 0.036298 -0.044754 0.062909
v 0.036679 -0.043685 0.062909
v 0.036679 -0.043685 0.062909
v 0.036743 -0.043685 0.066397
v 0.031065 -0.056584 0.069885
v 0.031409 -0.055894 0.069885
v 0.029739 -0.059382 0.073373
v 0.030416 -0.057638 0.073373
v 0.031065 -0.056301 0.071629
v 0.031154 -0.055894 0.073373
v 0.031975 -0.054150 0.073373
v 0.033265 -0.052406 0.068141
v 0.034010 -0.050662 0.068141
v 0.032809 -0.052425 0.073373
v 0.035190 -0.047174 0.073373
v 0.029689 -0.059382 0.075117
v 0.030381 -0.057638 0.075117
v 0.029634 -0.059382 0.076861
v 0.030366 -0.057638 0.076861
v 0.031065 -0.055997 0.075117
v 0.031110 -0.055894 0.075117
v 0.031897 -0.054150 0.076861
v 0.032809 -0.052406 0.073501
v 0.032687 -0.052406 0.076861
v 0.034554 -0.048361 0.075117
v 0.035051 -0.047174 0.075117
v 0.035051 -0.047174 0.075117
v 0.034928 -0.047174 0.076861
v 0.032655 -0.052406 0.078605
v 0.036298 -0.044796 0.069885
v 0.036298 -0.044716 0.071629
v 0.036719 -0.043685 0.069885
v 0.036704 -0.043685 0.071629
v 0.036618 -0.043685 0.073373
v 0.037368 -0.041941 0.073373
v 0.037368 -0.041941 0.073373
v 0.038091 -0.040197 0.073373
v 0.039761 -0.034965 0.069885
v 0.039786 -0.034875 0.069885
v 0.038719 -0.038453 0.071629
v 0.039252 -0.036709 0.071629
v 0.038696 -0.038453 0.073373
v 0.039206 -0.036709 0.073373
v 0.039723 -0.034965 0.071629
v 0.035569 -0.045429 0.076861
v 0.036298 -0.043685 0.076056
v 0.036298 -0.043456 0.076861
v 0.036298 -0.043230 0.080349
v 0.036298 -0.043230 0.080349
v 0.037181 -0.041941 0.075117
v 0.038042 -0.040197 0.074096
v 0.038042 -0.040197 0.074096
v 0.036941 -0.041941 0.076861
v 0.036766 -0.041941 0.080349
v 0.037385 -0.040197 0.080349
v 0.037951 -0.038453 0.080349
v 0.038042 -0.038453 0.079084
v 0.038042 -0.038162 0.080349
v 0.038514 -0.036709 0.080349
v 0.029727 -0.059382 0.082093
v 0.030587 -0.057638 0.082093
v 0.029758 -0.059382 0.083837
v 0.032049 -0.054150 0.083837
v 0.029704 -0.059382 0.085581
v 0.029605 -0.059382 0.087326
v 0.030440 -0.057638 0.087326
v 0.030440 -0.057638 0.087326
v 0.032005 -0.054150 0.085581
v 0.031065 -0.056242 0.087326
v 0.032644 -0.052406 0.083837
v 0.032589 -0.052406 0.085581
v 0.032589 -0.052406 0.085581
v 0.032467 -0.052406 0.087326
v 0.032809 -0.051355 0.087326
v 0.033045 -0.050662 0.087326
v 0.031065 -0.055894 0.088693
v 0.031482 -0.054150 0.090814
v 0.031065 -0.054844 0.092558
v 0.031315 -0.054150 0.092558
v 0.032809 -0.050791 0.089070
v 0.032809 -0.050230 0.090814
v 0.032530 -0.050662 0.092558
v 0.032809 -0.049892 0.092558
v 0.036298 -0.043482 0.082093
v 0.036826 -0.041941 0.082093
v 0.036826 -0.041941 0.082093
v 0.036858 -0.041941 0.085581
v 0.037423 -0.040197 0.085581
v 0.037408 -0.040197 0.087326
v 0.037925 -0.038453 0.082093
v 0.039118 -0.034965 0.082093
v 0.039786 -0.033253 0.082093
v 0.039786 -0.033253 0.082093
v 0.039084 -0.034965 0.085581
v 0.035087 -0.045429 0.089070
v 0.034936 -0.045429 0.090814
v 0.035837 -0.043685 0.090814
v 0.038042 -0.038453 0.092826
v 0.030566 -0.055894 0.096046
v 0.030560 -0.055894 0.097790
v 0.031065 -0.054527 0.097790
v 0.031341 -0.054150 0.101278
v 0.033356 -0.048917 0.097790
v 0.034345 -0.047174 0.097790
v 0.031881 -0.052406 0.099534
v 0.031962 -0.052406 0.101278
v 0.032809 -0.050087 0.101278
v 0.034285 -0.047174 0.099534
v 0.029979 -0.057638 0.103022
v 0.029945 -0.057638 0.104766
v 0.029945 -0.057638 0.104766
v 0.029790 -0.057638 0.106510
v 0.029790 -0.057638 0.106510
v 0.029558 -0.057638 0.108254
v 0.031377 -0.054150 0.106510
v 0.031065 -0.054361 0.108254
v 0.031152 -0.054150 0.108254
v 0.032809 -0.050146 0.103022
v 0.033266 -0.048917 0.103022
v 0.032809 -0.049032 0.108254
v 0.033018 -0.048917 0.106510
v 0.032848 -0.048917 0.108254
v 0.034554 -0.046664 0.099534
v 0.035160 -0.045429 0.099534
v 0.035160 -0.045429 0.099534
v 0.034554 -0.046298 0.101278
v 0.034948 -0.045429 0.101278
v 0.035650 -0.043685 0.101278
v 0.035650 -0.043685 0.101278
v 0.036258 -0.041941 0.101278
v 0.036298 -0.041824 0.101278
v 0.036872 -0.040197 0.101278
v 0.037937 -0.038453 0.096046
v 0.038042 -0.038143 0.096046
v 0.037860 -0.038453 0.097790
v 0.039056 -0.034965 0.096046
v 0.039026 -0.034965 0.097790
v 0.037727 -0.038453 0.099534
v 0.038042 -0.037591 0.099534
v 0.038357 -0.036709 0.099534
v 0.037567 -0.038453 0.101278
v 0.038273 -0.036709 0.101278
v 0.038922 -0.034965 0.101278
v 0.035403 -0.043685 0.103022
v 0.035403 -0.043685 0.103022
v 0.036027 -0.041941 0.103022
v 0.036027 -0.041941 0.103022
v 0.036027 -0.041941 0.103022
v 0.036298 -0.041183 0.103022
v 0.035869 -0.041941 0.104766
v 0.036298 -0.040858 0.104766
v 0.036673 -0.040197 0.103022
v 0.036673 -0.040197 0.103022
v 0.037434 -0.038453 0.103022
v 0.038042 -0.037008 0.104766
v 0.038172 -0.036709 0.104766
v 0.038880 -0.034965 0.103022
v 0.038185 -0.036709 0.106510
v 0.029330 -0.057638 0.109998
v 0.029330 -0.057638 0.109998
v 0.030093 -0.055894 0.109998
v 0.029667 -0.055894 0.113487
v 0.030299 -0.054150 0.115231
v 0.031065 -0.053654 0.109998
v 0.031525 -0.052406 0.109998
v 0.031065 -0.052984 0.111743
v 0.031047 -0.052406 0.115231
v 0.029501 -0.055894 0.116975
v 0.030262 -0.054150 0.116975
v 0.030225 -0.054150 0.118719
v 0.031024 -0.052406 0.116975
v 0.031001 -0.052406 0.118719
v 0.032480 -0.048917 0.116975
v 0.032809 -0.048163 0.116975
v 0.032420 -0.048917 0.118719
v 0.032420 -0.048917 0.118719
v 0.032809 -0.047952 0.118719
v 0.032355 -0.048917 0.120463
v 0.032809 -0.047455 0.122207
v 0.033027 -0.047174 0.120463
v 0.032913 -0.047174 0.122207
v 0.035942 -0.041941 0.109998
v 0.036298 -0.041202 0.109998
v 0.036298 -0.041357 0.111743
v 0.034554 -0.045145 0.113487
v 0.035287 -0.043685 0.113487
v 0.034554 -0.045022 0.115231
v 0.034554 -0.045022 0.115231
v 0.035217 -0.043685 0.115231
v 0.035217 -0.043685 0.115231
v 0.036298 -0.041326 0.113487
v 0.035955 -0.041941 0.115231
v 0.036298 -0.041024 0.115231
v 0.036720 -0.040197 0.113487
v 0.036720 -0.040197 0.113487
v 0.037346 -0.038453 0.113487
v 0.037243 -0.038453 0.115231
v 0.038525 -0.034965 0.113487
v 0.034150 -0.045429 0.116975
v 0.034554 -0.044631 0.116975
v 0.034554 -0.044631 0.116975
v 0.035005 -0.043685 0.116975
v 0.035742 -0.041941 0.116975
v 0.036187 -0.040197 0.118719
v 0.036298 -0.040197 0.117908
v 0.035230 -0.041941 0.120463
v 0.035026 -0.041941 0.122207
v 0.035736 -0.040197 0.122207
v 0.036298 -0.039937 0.118719
v 0.037748 -0.036709 0.118719
v 0.038451 -0.034965 0.116975
v 0.038042 -0.035969 0.118719
v 0.038403 -0.034965 0.118719
v 0.037560 -0.036709 0.120463
v 0.029494 -0.054150 0.136159
v 0.032408 -0.047174 0.130927
v 0.030841 -0.050662 0.136159
v 0.031640 -0.048917 0.134415
v 0.031065 -0.050062 0.136159
v 0.031065 -0.050062 0.136159
v 0.031503 -0.048917 0.136159
v 0.034835 -0.041941 0.123951
v 0.034554 -0.042176 0.125695
v 0.034652 -0.041941 0.125695
v 0.034652 -0.041941 0.125695
v 0.035393 -0.040197 0.125695
v 0.032809 -0.046054 0.129183
v 0.034554 -0.041941 0.126671
v 0.038042 -0.034735 0.123951
v 0.037778 -0.034965 0.125695
v 0.038042 -0.034358 0.125695
v 0.038042 -0.033896 0.127439
v 0.037354 -0.034965 0.129183
v 0.038042 -0.033337 0.129183
v 0.038042 -0.033337 0.129183
v 0.032809 -0.045736 0.130927
v 0.036178 -0.036709 0.132671
v 0.036298 -0.036709 0.131498
v 0.036298 -0.036419 0.132671
v 0.029325 -0.054150 0.139648
v 0.030716 -0.050662 0.137904
v 0.030716 -0.050662 0.137904
v 0.030089 -0.050662 0.146624
v 0.029721 -0.050662 0.150112
v 0.033039 -0.043685 0.139648
v 0.033705 -0.041941 0.139648
v 0.032654 -0.043685 0.143136
v 0.032809 -0.043685 0.141714
v 0.032809 -0.043296 0.143136
v 0.032809 -0.043296 0.143136
v 0.035207 -0.038453 0.137904
v 0.035134 -0.038453 0.139648
v 0.035837 -0.036709 0.139648
v 0.036298 -0.034965 0.142714
v 0.036621 -0.034965 0.137904
v 0.032415 -0.043685 0.146624
v 0.032415 -0.043685 0.146624
v 0.032809 -0.042664 0.146624
v 0.035259 -0.036709 0.146624
v 0.029514 -0.050662 0.157088
v 0.029388 -0.050662 0.160576
v 0.030600 -0.047174 0.160576
v 0.032242 -0.043685 0.153600
v 0.032809 -0.041858 0.153600
v 0.032001 -0.043685 0.157088
v 0.034257 -0.038453 0.150112
v 0.034554 -0.037648 0.150112
v 0.035515 -0.034965 0.150112
v 0.035329 -0.034965 0.151856
v 0.034554 -0.036516 0.153600
v 0.034289 -0.036709 0.155344
v 0.034554 -0.035968 0.155344
v 0.034554 -0.035455 0.157088
v 0.032761 -0.040197 0.164065
v 0.034554 -0.034968 0.158832
v 0.034555 -0.034965 0.158832
v 0.032809 -0.040036 0.164065
v 0.030200 -0.047174 0.171041
v 0.029779 -0.047174 0.172785
v 0.029779 -0.047174 0.172785
v 0.032756 -0.040197 0.167553
v 0.032300 -0.040197 0.171041
v 0.032809 -0.038463 0.171041
v 0.033281 -0.038453 0.167553
v 0.033129 -0.038453 0.169297
v 0.033635 -0.036709 0.169297
v 0.033635 -0.036709 0.169297
v 0.032812 -0.038453 0.171041
v 0.034103 -0.034965 0.169297
v 0.034103 -0.034965 0.169297
v 0.034554 -0.033947 0.167553
v 0.033787 -0.034965 0.171041
v 0.030341 -0.045429 0.172785
v 0.030341 -0.045429 0.172785
v 0.030841 -0.043685 0.172785
v 0.031065 -0.043685 0.172033
v 0.029705 -0.045429 0.174529
v 0.030186 -0.043685 0.174529
v 0.030186 -0.043685 0.174529
v 0.030186 -0.043685 0.174529
v 0.031065 -0.042859 0.172785
v 0.031065 -0.042859 0.172785
v 0.031789 -0.040197 0.172785
v 0.031789 -0.040197 0.172785
v 0.031789 -0.040197 0.172785
v 0.030605 -0.041941 0.174529
v 0.031065 -0.041941 0.173458
v 0.031065 -0.041941 0.173458
v 0.031065 -0.041941 0.173458
v 0.031065 -0.040197 0.174429
v 0.031065 -0.040197 0.174429
v 0.029658 -0.041941 0.176273
v 0.029658 -0.041941 0.176273
v 0.029903 -0.040197 0.176273
v 0.029903 -0.040197 0.176273
v 0.032305 -0.038453 0.172785
v 0.032809 -0.038453 0.171053
v 0.031065 -0.039974 0.174529
v 0.031065 -0.039974 0.174529
v 0.031477 -0.038453 0.174529
v 0.031477 -0.038453 0.174529
v 0.032024 -0.036709 0.174529
v 0.032024 -0.036709 0.174529
v 0.032809 -0.036709 0.172850
v 0.032809 -0.034965 0.174055
v 0.032809 -0.034102 0.174529
v 0.032809 -0.034102 0.174529
v 0.033316 -0.034965 0.172785
v 0.030151 -0.038453 0.176273
v 0.031065 -0.038453 0.175151
v 0.031065 -0.038453 0.175151
v 0.031065 -0.038453 0.175151
v 0.031065 -0.038453 0.175151
v 0.031065 -0.036709 0.175796
v 0.031065 -0.036709 0.175796
v 0.031065 -0.035379 0.176273
v 0.031222 -0.034965 0.176273
v 0.031222 -0.034965 0.176273
v 0.031065 -0.034965 0.176419
v 0.031065 -0.034965 0.176419
v 0.031065 -0.034965 0.176419
v 0.046762 -0.005956 0.010587
v 0.046762 -0.005316 0.010190
v 0.046960 -0.005316 0.010587
v 0.046960 -0.005316 0.010587
v 0.048163 -0.001828 0.010587
v 0.042011 -0.026245 0.021051
v 0.040895 -0.029733 0.024539
v 0.042051 -0.026245 0.024539
v 0.044355 -0.019268 0.024539
v 0.029465 -0.015780 0.021051
v 0.030725 -0.012292 0.021051
v 0.045988 -0.012292 0.014075
v 0.045485 -0.015780 0.017563
v 0.046528 -0.012292 0.017563
v 0.048276 -0.005316 0.014075
v 0.045465 -0.015780 0.024539
v 0.046412 -0.012292 0.024539
v 0.046762 -0.010992 0.024539
v 0.042060 -0.026245 0.028027
v 0.039786 -0.032196 0.031515
v 0.043202 -0.022757 0.028027
v 0.043112 -0.022757 0.031515
v 0.039786 -0.032405 0.035003
v 0.040622 -0.029733 0.035003
v 0.044154 -0.019268 0.035003
v 0.044278 -0.019268 0.038492
v 0.045332 -0.015780 0.028027
v 0.046339 -0.012292 0.028027
v 0.046762 -0.010813 0.028027
v 0.047412 -0.008804 0.028027
v 0.047556 -0.008804 0.031515
v 0.048955 -0.005316 0.031515
v 0.045431 -0.015780 0.035003
v 0.049202 -0.005316 0.035003
v 0.033953 -0.001828 0.021051
v 0.034974 0.001660 0.021051
v 0.034938 0.001660 0.024539
v 0.051157 0.001660 0.017563
v 0.051922 0.008637 0.017563
v 0.050250 -0.001828 0.019779
v 0.050212 -0.001828 0.024539
v 0.050250 -0.001828 0.022791
v 0.050250 -0.001720 0.024539
v 0.051363 0.001660 0.021051
v 0.052058 0.005149 0.021051
v 0.052184 0.008637 0.021051
v 0.050250 -0.001969 0.031515
v 0.050250 -0.001828 0.030443
v 0.050299 -0.001828 0.031515
v 0.050250 -0.002575 0.035003
v 0.049869 0.015613 0.031515
v 0.049869 0.015613 0.031515
v 0.050250 0.015245 0.031515
v 0.046762 0.016870 0.031515
v 0.050250 0.015390 0.035003
v 0.046762 0.016711 0.035003
v 0.039786 -0.033145 0.045468
v 0.040873 -0.029733 0.045468
v 0.039786 -0.032755 0.048956
v 0.043274 -0.022757 0.046746
v 0.043274 -0.022244 0.052444
v 0.044561 -0.019268 0.045468
v 0.044498 -0.019268 0.048956
v 0.044462 -0.019268 0.052444
v 0.045751 -0.015780 0.041980
v 0.046762 -0.012680 0.041980
v 0.046762 -0.012292 0.039534
v 0.046762 -0.013507 0.048956
v 0.045920 -0.015780 0.052444
v 0.046762 -0.013424 0.052444
v 0.042869 -0.024501 0.059420
v 0.041757 -0.029733 0.066397
v 0.042547 -0.026245 0.061164
v 0.042996 -0.024501 0.061164
v 0.043885 -0.021012 0.055932
v 0.043732 -0.022757 0.066397
v 0.045018 -0.018448 0.059420
v 0.050047 -0.005316 0.055932
v 0.048691 -0.008804 0.059420
v 0.050097 -0.005316 0.059420
v 0.045018 -0.018576 0.061164
v 0.045364 -0.017524 0.061164
v 0.048748 -0.008804 0.066397
v 0.033644 -0.001828 0.047212
v 0.034203 -0.000084 0.047212
v 0.034110 -0.000084 0.048956
v 0.053574 0.005149 0.045468
v 0.053738 0.006065 0.045468
v 0.053738 0.005149 0.047411
v 0.052929 0.012125 0.045468
v 0.053738 0.009482 0.045468
v 0.053738 0.010787 0.048956
v 0.034675 0.003405 0.054188
v 0.035161 0.005149 0.054188
v 0.034554 0.003405 0.055593
v 0.050250 -0.004825 0.055932
v 0.051534 -0.001828 0.055932
v 0.051439 -0.001828 0.059420
v 0.053738 0.004269 0.059420
v 0.053998 0.005149 0.059420
v 0.053738 0.004402 0.062909
v 0.054593 0.008637 0.066397
v 0.053531 0.012125 0.062909
v 0.053626 0.012125 0.066397
v 0.050786 0.015613 0.066397
v 0.050786 0.015613 0.066397
v 0.050250 0.015995 0.066397
v 0.041530 -0.030384 0.066397
v 0.041530 -0.030081 0.068141
v 0.041510 -0.029733 0.069885
v 0.041530 -0.029733 0.069651
v 0.041530 -0.029677 0.069885
v 0.040776 -0.031477 0.071629
v 0.041376 -0.029733 0.071629
v 0.041258 -0.029733 0.073373
v 0.043274 -0.023394 0.071629
v 0.043274 -0.023182 0.073373
v 0.043051 -0.024501 0.080349
v 0.043274 -0.023878 0.080349
v 0.043669 -0.022757 0.068141
v 0.044216 -0.021012 0.068141
v 0.044216 -0.021012 0.068141
v 0.044837 -0.019268 0.068141
v 0.044130 -0.021012 0.069885
v 0.044787 -0.019268 0.069885
v 0.043462 -0.022757 0.071629
v 0.044048 -0.021012 0.071629
v 0.044721 -0.019268 0.071629
v 0.044670 -0.019268 0.075117
v 0.044696 -0.019268 0.076861
v 0.044220 -0.021012 0.080349
v 0.030511 -0.005316 0.075117
v 0.045481 -0.017524 0.068141
v 0.046153 -0.015780 0.068141
v 0.045483 -0.017524 0.069885
v 0.046762 -0.014267 0.069885
v 0.046762 -0.014267 0.069885
v 0.046847 -0.014036 0.069885
v 0.045447 -0.017524 0.071629
v 0.046183 -0.015780 0.071629
v 0.046154 -0.015780 0.073373
v 0.046762 -0.014271 0.071629
v 0.046847 -0.014036 0.071629
v 0.046847 -0.014036 0.071629
v 0.048506 -0.009497 0.066397
v 0.048506 -0.009257 0.068141
v 0.048506 -0.009257 0.068141
v 0.048023 -0.010548 0.069885
v 0.048506 -0.008968 0.069885
v 0.045018 -0.018444 0.076861
v 0.046211 -0.015780 0.080349
v 0.048025 -0.010548 0.080349
v 0.049389 -0.007060 0.078605
v 0.050250 -0.005340 0.078605
v 0.050250 -0.005316 0.077698
v 0.050250 -0.005316 0.077698
v 0.050262 -0.005316 0.078605
v 0.050253 -0.005316 0.080349
v 0.050253 -0.005316 0.080349
v 0.039786 -0.033210 0.083837
v 0.039786 -0.033032 0.085581
v 0.040419 -0.031477 0.085581
v 0.040316 -0.031477 0.087326
v 0.041114 -0.029733 0.087326
v 0.041995 -0.027989 0.085581
v 0.041530 -0.028860 0.087326
v 0.041946 -0.027989 0.087326
v 0.042710 -0.026245 0.087326
v 0.043181 -0.024501 0.082093
v 0.043274 -0.024234 0.082093
v 0.043274 -0.024234 0.082093
v 0.043274 -0.024501 0.083420
v 0.043274 -0.024641 0.087326
v 0.039786 -0.032469 0.090814
v 0.040155 -0.031477 0.090814
v 0.041530 -0.028619 0.089070
v 0.041825 -0.027989 0.089070
v 0.041530 -0.028323 0.090814
v 0.040165 -0.031477 0.092558
v 0.042198 -0.026245 0.092558
v 0.043274 -0.024501 0.088015
v 0.043274 -0.024189 0.089070
v 0.043274 -0.023598 0.090814
v 0.043762 -0.022757 0.082093
v 0.044305 -0.021012 0.082093
v 0.043829 -0.022757 0.087326
v 0.044316 -0.021012 0.087326
v 0.043691 -0.022757 0.089070
v 0.044188 -0.021012 0.089070
v 0.046324 -0.015780 0.082093
v 0.046762 -0.014664 0.082093
v 0.047615 -0.012292 0.082093
v 0.047760 -0.012292 0.083837
v 0.047130 -0.014036 0.085581
v 0.047768 -0.012292 0.085581
v 0.047051 -0.014036 0.087326
v 0.048195 -0.010548 0.082093
v 0.050250 -0.005316 0.080540
v 0.046098 -0.015780 0.090814
v 0.046762 -0.014485 0.089070
v 0.046762 -0.014242 0.090814
v 0.046949 -0.014036 0.089070
v 0.046035 -0.015780 0.092558
v 0.048167 -0.010548 0.089070
v 0.048506 -0.009376 0.089070
v 0.048143 -0.010548 0.090814
v 0.031065 -0.004432 0.073373
v 0.031774 -0.001828 0.073373
v 0.031065 -0.003573 0.075117
v 0.031573 -0.001828 0.075117
v 0.032102 -0.000084 0.075117
v 0.051302 -0.001828 0.069885
v 0.051553 -0.001828 0.073373
v 0.053738 0.003840 0.069885
v 0.054721 0.008637 0.069885
v 0.053738 0.003536 0.073373
v 0.054250 0.005149 0.073373
v 0.050250 -0.005264 0.076861
v 0.051070 -0.003572 0.076861
v 0.051994 -0.000816 0.073373
v 0.053104 0.001660 0.076861
v 0.051072 -0.003572 0.080349
v 0.051072 -0.003572 0.080349
v 0.053716 0.003405 0.076861
v 0.053697 0.003405 0.078605
v 0.053738 0.012125 0.068610
v 0.051043 0.015613 0.069885
v 0.053738 0.012232 0.069885
v 0.053738 0.012398 0.073373
v 0.050250 0.016192 0.069885
v 0.032300 0.001660 0.082093
v 0.032749 0.003405 0.082093
v 0.032593 0.003405 0.083837
v 0.032418 0.003405 0.085581
v 0.032199 0.003405 0.087326
v 0.032199 0.003405 0.087326
v 0.032738 0.005149 0.087326
v 0.032809 0.005149 0.086400
v 0.032809 0.005387 0.087326
v 0.031897 0.003405 0.089070
v 0.031897 0.003405 0.089070
v 0.032536 0.005149 0.089070
v 0.032536 0.005149 0.089070
v 0.031065 0.002295 0.090814
v 0.031065 0.002295 0.090814
v 0.031511 0.003405 0.090814
v 0.031511 0.003405 0.090814
v 0.031065 0.003245 0.092558
v 0.050736 -0.003572 0.087326
v 0.050624 -0.003572 0.089070
v 0.051313 -0.001828 0.089070
v 0.052516 0.001660 0.090814
v 0.051824 -0.000084 0.092558
v 0.053236 0.003405 0.090814
v 0.054481 0.008637 0.090814
v 0.053235 0.003405 0.092558
v 0.054406 0.008637 0.092558
v 0.051343 0.015613 0.085581
v 0.051248 0.015613 0.087326
v 0.051248 0.015613 0.087326
v 0.051994 0.014908 0.087326
v 0.053738 0.012023 0.090814
v 0.051146 0.015613 0.089070
v 0.051994 0.014818 0.089070
v 0.053625 0.012125 0.092558
v 0.052652 0.013869 0.092558
v 0.039786 -0.032854 0.097790
v 0.040324 -0.031477 0.097790
v 0.041445 -0.027989 0.097790
v 0.041530 -0.027690 0.097790
v 0.040304 -0.031477 0.099534
v 0.041382 -0.027989 0.099534
v 0.041530 -0.027458 0.099534
v 0.041332 -0.027989 0.101278
v 0.041530 -0.027282 0.101278
v 0.043274 -0.023174 0.096046
v 0.042527 -0.024501 0.101278
v 0.043258 -0.022757 0.101278
v 0.043274 -0.022757 0.101106
v 0.043274 -0.022757 0.101106
v 0.043274 -0.022717 0.101278
v 0.040790 -0.029733 0.104766
v 0.040161 -0.031477 0.106510
v 0.040803 -0.029733 0.106510
v 0.040143 -0.031477 0.108254
v 0.043097 -0.022757 0.103022
v 0.042957 -0.022757 0.104766
v 0.043274 -0.022269 0.103022
v 0.043274 -0.022269 0.103022
v 0.043274 -0.021743 0.104766
v 0.042356 -0.024501 0.106510
v 0.042842 -0.022757 0.106510
v 0.042693 -0.022757 0.108254
v 0.042693 -0.022757 0.108254
v 0.043444 -0.022757 0.096046
v 0.043959 -0.021012 0.101278
v 0.044588 -0.019268 0.101278
v 0.043731 -0.021012 0.103022
v 0.044119 -0.019268 0.104766
v 0.043898 -0.019268 0.106510
v 0.046536 -0.014036 0.096046
v 0.046762 -0.013409 0.096046
v 0.046411 -0.014036 0.097790
v 0.046762 -0.013043 0.097790
v 0.045018 -0.017875 0.101278
v 0.046280 -0.014036 0.099534
v 0.046762 -0.012698 0.099534
v 0.048530 -0.008804 0.096046
v 0.048506 -0.008804 0.096405
v 0.049190 -0.007060 0.096046
v 0.045018 -0.017524 0.102306
v 0.045018 -0.017524 0.102306
v 0.045018 -0.017315 0.103022
v 0.045018 -0.017315 0.103022
v 0.045531 -0.015780 0.103022
v 0.045531 -0.015780 0.103022
v 0.045018 -0.016908 0.104766
v 0.045464 -0.015780 0.104766
v 0.044590 -0.017524 0.106510
v 0.045353 -0.015780 0.106510
v 0.045353 -0.015780 0.106510
v 0.045018 -0.016142 0.108254
v 0.046095 -0.014036 0.106510
v 0.046095 -0.014036 0.106510
v 0.045954 -0.014036 0.108254
v 0.048908 -0.007060 0.103022
v 0.048506 -0.007679 0.104766
v 0.048754 -0.007060 0.104766
v 0.047285 -0.010548 0.106510
v 0.047089 -0.010548 0.108254
v 0.047089 -0.010548 0.108254
v 0.047635 -0.008804 0.108254
v 0.047635 -0.008804 0.108254
v 0.040012 -0.031477 0.109998
v 0.040012 -0.031477 0.109998
v 0.040571 -0.029733 0.109998
v 0.039802 -0.031477 0.111743
v 0.040334 -0.029733 0.111743
v 0.041307 -0.026245 0.111743
v 0.041530 -0.026142 0.109998
v 0.041994 -0.024501 0.109998
v 0.042461 -0.022757 0.109998
v 0.042461 -0.022757 0.109998
v 0.041530 -0.025452 0.111743
v 0.042259 -0.022757 0.111743
v 0.042902 -0.021012 0.109998
v 0.042707 -0.021012 0.111743
v 0.043259 -0.019268 0.111743
v 0.043274 -0.019268 0.111514
v 0.043274 -0.019268 0.111514
v 0.041530 -0.025515 0.116975
v 0.041880 -0.024501 0.116975
v 0.041954 -0.024501 0.118719
v 0.043266 -0.021012 0.120463
v 0.043274 -0.020991 0.120463
v 0.043274 -0.021012 0.120796
v 0.043274 -0.021012 0.120796
v 0.043875 -0.019268 0.120463
v 0.043831 -0.019268 0.122207
v 0.043274 -0.019214 0.113487
v 0.044153 -0.017524 0.109998
v 0.044153 -0.017524 0.109998
v 0.045018 -0.015780 0.109757
v 0.043994 -0.017524 0.111743
v 0.043994 -0.017524 0.111743
v 0.043999 -0.017524 0.113487
v 0.047358 -0.008804 0.109998
v 0.047168 -0.008804 0.111743
v 0.046654 -0.010548 0.115231
v 0.047148 -0.008804 0.113487
v 0.047874 -0.007060 0.113487
v 0.048506 -0.005769 0.113487
v 0.048734 -0.005316 0.113487
v 0.048506 -0.005800 0.115231
v 0.048735 -0.005316 0.115231
v 0.048735 -0.005316 0.115231
v 0.045633 -0.014036 0.116975
v 0.046155 -0.012292 0.116975
v 0.046155 -0.012292 0.116975
v 0.046075 -0.012292 0.118719
v 0.044902 -0.015780 0.120463
v 0.045018 -0.015780 0.119114
v 0.044288 -0.017524 0.122207
v 0.044703 -0.015780 0.122207
v 0.044703 -0.015780 0.122207
v 0.045018 -0.015356 0.120463
v 0.045018 -0.015356 0.120463
v 0.045018 -0.014551 0.122207
v 0.046666 -0.010548 0.116975
v 0.048506 -0.005763 0.116975
v 0.047739 -0.007060 0.120463
v 0.048450 -0.005316 0.120463
v 0.048450 -0.005316 0.120463
v 0.048506 -0.005316 0.119964
v 0.048220 -0.005316 0.122207
v 0.030854 0.001660 0.103022
v 0.030038 -0.000084 0.106510
v 0.030380 0.001660 0.106510
v 0.029980 0.001660 0.108254
v 0.031065 0.003021 0.103022
v 0.031065 0.003405 0.104236
v 0.030373 0.003405 0.108254
v 0.030830 0.005149 0.108254
v 0.031065 0.005149 0.107166
v 0.031065 0.005962 0.108254
v 0.054322 0.006893 0.096046
v 0.054582 0.008637 0.099534
v 0.051994 0.000028 0.106510
v 0.052737 0.001660 0.106510
v 0.051744 -0.000084 0.108254
v 0.051994 0.000450 0.108254
v 0.051994 0.000450 0.108254
v 0.052550 0.001660 0.108254
v 0.053738 0.003895 0.104766
v 0.054191 0.005149 0.103022
v 0.054154 0.005149 0.104766
v 0.053738 0.011919 0.097790
v 0.053738 0.012125 0.099619
v 0.051994 0.014831 0.099534
v 0.052799 0.013869 0.101278
v 0.051994 0.014890 0.101278
v 0.050250 0.016359 0.101278
v 0.053716 0.012125 0.104766
v 0.053738 0.012125 0.104442
v 0.052744 0.013869 0.103022
v 0.053738 0.012253 0.103022
v 0.051156 0.015613 0.103022
v 0.052597 0.013869 0.104766
v 0.053500 0.012125 0.108254
v 0.053593 0.012125 0.106510
v 0.052305 0.013869 0.108254
v 0.050250 0.016270 0.103022
v 0.029504 0.001660 0.109998
v 0.030392 0.005149 0.109998
v 0.031065 0.006893 0.109696
v 0.050697 -0.001828 0.109998
v 0.050525 -0.001828 0.111743
v 0.051343 -0.000084 0.111743
v 0.053025 0.003405 0.111743
v 0.053881 0.005149 0.109998
v 0.053778 0.005149 0.111743
v 0.054303 0.006893 0.111743
v 0.052865 0.003405 0.113487
v 0.053738 0.005149 0.112322
v 0.051994 0.002038 0.115231
v 0.052650 0.003405 0.115231
v 0.052650 0.003405 0.115231
v 0.053436 0.005149 0.115231
v 0.049498 -0.003572 0.116975
v 0.050222 -0.001828 0.116975
v 0.050250 -0.001828 0.116481
v 0.048506 -0.005174 0.120463
v 0.050250 -0.000623 0.120463
v 0.051596 0.001660 0.116975
v 0.050702 -0.000084 0.118719
v 0.050461 -0.000084 0.120463
v 0.051994 0.002567 0.116975
v 0.052386 0.003405 0.116975
v 0.053184 0.005149 0.116975
v 0.053184 0.005149 0.116975
v 0.054020 0.008637 0.116975
v 0.053830 0.008637 0.118719
v 0.053664 0.008637 0.120463
v 0.053499 0.008637 0.122207
v 0.033022 0.012125 0.113487
v 0.032827 0.012125 0.115231
v 0.034300 0.013869 0.115231
v 0.053455 0.012125 0.109998
v 0.050762 0.015613 0.115231
v 0.050250 0.016087 0.113487
v 0.050250 0.016053 0.115231
v 0.053738 0.009872 0.118719
v 0.052997 0.012125 0.118719
v 0.053478 0.010381 0.120463
v 0.053478 0.010381 0.120463
v 0.052886 0.012125 0.120463
v 0.052886 0.012125 0.120463
v 0.052774 0.012125 0.122207
v 0.051994 0.013664 0.122207
v 0.048022 0.017357 0.116975
v 0.048506 0.017118 0.116975
v 0.047876 0.017357 0.118719
v 0.039661 -0.029733 0.125695
v 0.039786 -0.029733 0.124065
v 0.039786 -0.029372 0.125695
v 0.040449 -0.027989 0.123951
v 0.040297 -0.027989 0.125695
v 0.041002 -0.026245 0.125695
v 0.039786 -0.028319 0.129183
v 0.040092 -0.027989 0.127439
v 0.039906 -0.027989 0.129183
v 0.039906 -0.027989 0.129183
v 0.038042 -0.032274 0.132671
v 0.039786 -0.028026 0.130927
v 0.039786 -0.027989 0.131335
v 0.039786 -0.027865 0.132671
v 0.039800 -0.027989 0.130927
v 0.039800 -0.027989 0.130927
v 0.040458 -0.026245 0.130927
v 0.040380 -0.026245 0.132671
v 0.039655 -0.027989 0.134415
v 0.039786 -0.027613 0.134415
v 0.041710 -0.022757 0.130927
v 0.040961 -0.024501 0.132671
v 0.040961 -0.024501 0.132671
v 0.041540 -0.022757 0.132671
v 0.042171 -0.021012 0.132671
v 0.040728 -0.024501 0.134415
v 0.040728 -0.024501 0.134415
v 0.041274 -0.022757 0.134415
v 0.043117 -0.017524 0.134415
v 0.043274 -0.017524 0.132975
v 0.043274 -0.016979 0.134415
v 0.043274 -0.016979 0.134415
v 0.042874 -0.017524 0.136159
v 0.044525 -0.015780 0.123951
v 0.046468 -0.008804 0.125695
v 0.046762 -0.007997 0.125695
v 0.046366 -0.008804 0.127439
v 0.046390 -0.008804 0.129183
v 0.043791 -0.015780 0.132671
v 0.043617 -0.015780 0.134415
v 0.043412 -0.015780 0.136159
v 0.043412 -0.015780 0.136159
v 0.044173 -0.014036 0.134415
v 0.044859 -0.012292 0.134415
v 0.045018 -0.012292 0.132996
v 0.043969 -0.014036 0.136159
v 0.043969 -0.014036 0.136159
v 0.044648 -0.012292 0.136159
v 0.046493 -0.008804 0.130927
v 0.045796 -0.010548 0.132671
v 0.046762 -0.008118 0.130927
v 0.046762 -0.008223 0.132671
v 0.047188 -0.007060 0.132671
v 0.047751 -0.005316 0.132671
v 0.045018 -0.011928 0.134415
v 0.046762 -0.007896 0.134415
v 0.047627 -0.005316 0.134415
v 0.038798 -0.029733 0.137904
v 0.039334 -0.027989 0.137904
v 0.039139 -0.027989 0.139648
v 0.039786 -0.024341 0.143136
v 0.040786 -0.021012 0.141392
v 0.041454 -0.019268 0.141392
v 0.041530 -0.019268 0.140473
v 0.036298 -0.032821 0.150112
v 0.038662 -0.027989 0.144880
v 0.038042 -0.029262 0.146624
v 0.038510 -0.027989 0.146624
v 0.038859 -0.026245 0.150112
v 0.039688 -0.024501 0.144880
v 0.039786 -0.024131 0.144880
v 0.039786 -0.023316 0.150112
v 0.039943 -0.022757 0.150112
v 0.041079 -0.019268 0.148368
v 0.040421 -0.021012 0.150112
v 0.043274 -0.015780 0.137477
v 0.041530 -0.018312 0.146624
v 0.042406 -0.015780 0.146624
v 0.042951 -0.014036 0.146624
v 0.041530 -0.017852 0.148368
v 0.041530 -0.017119 0.150112
v 0.042666 -0.014036 0.148368
v 0.043274 -0.012292 0.147616
v 0.046762 -0.006808 0.137904
v 0.046474 -0.007060 0.139648
v 0.046762 -0.006139 0.139648
v 0.045881 -0.007060 0.143136
v 0.046498 -0.005316 0.143136
v 0.046498 -0.005316 0.143136
v 0.046762 -0.005316 0.141490
v 0.043461 -0.012292 0.146624
v 0.044340 -0.010548 0.144880
v 0.044340 -0.010548 0.144880
v 0.044917 -0.008804 0.144880
v 0.044917 -0.008804 0.144880
v 0.043980 -0.010548 0.146624
v 0.043980 -0.010548 0.146624
v 0.043980 -0.010548 0.146624
v 0.044559 -0.008804 0.146624
v 0.044559 -0.008804 0.146624
v 0.044559 -0.008804 0.146624
v 0.045018 -0.008514 0.144880
v 0.045536 -0.007060 0.144880
v 0.046181 -0.005316 0.144880
v 0.046181 -0.005316 0.144880
v 0.045205 -0.007060 0.146624
v 0.045888 -0.005316 0.146624
v 0.045888 -0.005316 0.146624
v 0.043641 -0.010548 0.148368
v 0.043641 -0.010548 0.148368
v 0.044232 -0.008804 0.148368
v 0.044232 -0.008804 0.148368
v 0.043373 -0.010548 0.150112
v 0.043992 -0.008804 0.150112
v 0.044920 -0.007060 0.148368
v 0.045018 -0.007060 0.147726
v 0.045018 -0.006825 0.148368
v 0.044710 -0.007060 0.150112
v 0.045018 -0.006350 0.150112
v 0.045467 -0.005316 0.150112
v 0.048993 -0.001828 0.125695
v 0.048884 -0.001828 0.127439
v 0.049720 -0.000084 0.127439
v 0.050680 0.001660 0.125695
v 0.051502 0.003405 0.125695
v 0.052794 0.006893 0.125695
v 0.053061 0.008637 0.125695
v 0.051348 0.003405 0.127439
v 0.052544 0.006893 0.127439
v 0.052816 0.008637 0.127439
v 0.052816 0.008637 0.127439
v 0.052321 0.006893 0.129183
v 0.052586 0.008637 0.129183
v 0.048170 -0.003572 0.134415
v 0.048506 -0.002583 0.134415
v 0.048017 -0.003572 0.136159
v 0.048506 -0.002256 0.136159
v 0.050143 0.001660 0.136159
v 0.050250 0.001660 0.134587
v 0.050452 0.001660 0.130927
v 0.050366 0.001660 0.132671
v 0.050250 0.001942 0.136159
v 0.050250 0.001942 0.136159
v 0.051017 0.003405 0.132671
v 0.052399 0.008637 0.130927
v 0.052249 0.008637 0.132671
v 0.052249 0.008637 0.132671
v 0.050906 0.003405 0.134415
v 0.050906 0.003405 0.134415
v 0.051478 0.005149 0.134415
v 0.051300 0.005149 0.136159
v 0.052101 0.008637 0.134415
v 0.049683 0.015613 0.127439
v 0.050250 0.015101 0.127439
v 0.050250 0.015101 0.127439
v 0.049479 0.015613 0.129183
v 0.050250 0.014899 0.129183
v 0.050250 0.014899 0.129183
v 0.052921 0.010381 0.125695
v 0.052475 0.010381 0.129183
v 0.051994 0.012107 0.129183
v 0.051281 0.013869 0.127439
v 0.048506 0.016451 0.127439
v 0.048506 0.016315 0.129183
v 0.050250 0.014498 0.132671
v 0.048889 0.015613 0.134415
v 0.050250 0.014155 0.134415
v 0.050250 0.013747 0.136159
v 0.048546 0.015613 0.136159
v 0.052280 0.010381 0.130927
v 0.051994 0.011582 0.130927
v 0.052107 0.010381 0.132671
v 0.052107 0.010381 0.132671
v 0.051994 0.010927 0.132671
v 0.051994 0.010381 0.133867
v 0.051994 0.010381 0.133867
v 0.051165 0.012125 0.136159
v 0.046762 0.016913 0.136159
v 0.048506 0.015935 0.134415
v 0.048506 0.015648 0.136159
v 0.050007 0.001660 0.137904
v 0.046762 -0.004611 0.143136
v 0.046762 -0.004611 0.143136
v 0.050250 0.003847 0.143136
v 0.051074 0.005149 0.137904
v 0.051446 0.006893 0.137904
v 0.051186 0.006893 0.139648
v 0.050562 0.005149 0.143136
v 0.046762 -0.003870 0.144880
v 0.046625 -0.003572 0.146624
v 0.047467 -0.001828 0.146624
v 0.046422 -0.003572 0.148368
v 0.047256 -0.001828 0.148368
v 0.047256 -0.001828 0.148368
v 0.047256 -0.001828 0.148368
v 0.047026 -0.001828 0.150112
v 0.048178 -0.000084 0.148368
v 0.048178 -0.000084 0.148368
v 0.047917 -0.000084 0.150112
v 0.047917 -0.000084 0.150112
v 0.050250 0.004347 0.144880
v 0.050854 0.006893 0.144880
v 0.051068 0.008637 0.144880
v 0.051017 0.008637 0.146624
v 0.050662 0.006893 0.148368
v 0.050885 0.008637 0.148368
v 0.050525 0.006893 0.150112
v 0.050724 0.008637 0.150112
v 0.031237 0.012125 0.143136
v 0.032472 0.013869 0.143136
v 0.032274 0.013869 0.144880
v 0.043274 0.017924 0.150112
v 0.050250 0.013309 0.137904
v 0.048506 0.015613 0.136380
v 0.048071 0.015613 0.139648
v 0.050250 0.012599 0.141392
v 0.047955 0.015613 0.141392
v 0.051428 0.010381 0.137904
v 0.050869 0.012125 0.137904
v 0.050869 0.012125 0.137904
v 0.051150 0.010381 0.139648
v 0.051150 0.010381 0.139648
v 0.051150 0.010381 0.139648
v 0.050617 0.012125 0.139648
v 0.050617 0.012125 0.139648
v 0.050617 0.012125 0.139648
v 0.050986 0.010381 0.141392
v 0.050463 0.012125 0.141392
v 0.046762 0.016739 0.137904
v 0.046762 0.016618 0.139648
v 0.045399 0.017357 0.141392
v 0.045018 0.017533 0.141392
v 0.045385 0.017357 0.143136
v 0.049366 0.013869 0.148368
v 0.050250 0.012231 0.148368
v 0.049190 0.013869 0.150112
v 0.047643 0.015613 0.150112
v 0.048506 0.014758 0.150112
v 0.048506 0.014758 0.150112
v 0.050401 0.012125 0.146624
v 0.050293 0.012125 0.148368
v 0.050604 0.010381 0.150112
v 0.044842 0.017357 0.150112
v 0.036298 -0.032330 0.151856
v 0.036298 -0.031477 0.154875
v 0.036298 -0.030743 0.157088
v 0.036621 -0.031477 0.151856
v 0.036436 -0.031477 0.153600
v 0.037097 -0.029733 0.153600
v 0.037097 -0.029733 0.153600
v 0.037986 -0.027989 0.151856
v 0.038042 -0.027989 0.151453
v 0.038042 -0.027989 0.151453
v 0.038042 -0.027989 0.151453
v 0.038042 -0.027844 0.151856
v 0.038042 -0.027844 0.151856
v 0.038635 -0.026245 0.151856
v 0.038635 -0.026245 0.151856
v 0.038364 -0.026245 0.153600
v 0.038364 -0.026245 0.153600
v 0.036882 -0.029733 0.155344
v 0.036652 -0.029733 0.157088
v 0.037496 -0.027989 0.155344
v 0.038042 -0.026429 0.155344
v 0.038042 -0.026429 0.155344
v 0.038107 -0.026245 0.155344
v 0.038107 -0.026245 0.155344
v 0.037258 -0.027989 0.157088
v 0.037258 -0.027989 0.157088
v 0.039227 -0.024501 0.151856
v 0.039786 -0.022757 0.151605
v 0.038968 -0.024501 0.153600
v 0.039515 -0.022757 0.153600
v 0.039786 -0.021768 0.153600
v 0.040215 -0.021012 0.151856
v 0.040215 -0.021012 0.151856
v 0.040660 -0.019268 0.151856
v 0.039974 -0.021012 0.153600
v 0.039974 -0.021012 0.153600
v 0.040396 -0.019268 0.153600
v 0.038726 -0.024501 0.155344
v 0.039786 -0.020923 0.155344
v 0.039581 -0.021012 0.157088
v 0.039786 -0.020211 0.157088
v 0.039786 -0.020211 0.157088
v 0.040184 -0.019268 0.155344
v 0.040184 -0.019268 0.155344
v 0.040184 -0.019268 0.155344
v 0.040023 -0.019268 0.157088
v 0.036298 -0.030055 0.158832
v 0.037012 -0.027989 0.158832
v 0.037636 -0.026245 0.158832
v 0.039407 -0.021012 0.158832
v 0.039786 -0.019610 0.158832
v 0.039720 -0.019268 0.160576
v 0.039786 -0.019268 0.159857
v 0.041130 -0.017524 0.151856
v 0.041530 -0.016100 0.151856
v 0.041530 -0.016100 0.151856
v 0.041621 -0.015780 0.151856
v 0.040849 -0.017524 0.153600
v 0.041530 -0.015780 0.152400
v 0.040636 -0.017524 0.155344
v 0.040636 -0.017524 0.155344
v 0.041148 -0.015780 0.155344
v 0.040484 -0.017524 0.157088
v 0.040484 -0.017524 0.157088
v 0.043274 -0.009622 0.155344
v 0.043274 -0.009109 0.157088
v 0.039786 -0.019029 0.160576
v 0.040348 -0.017524 0.158832
v 0.040204 -0.017524 0.160576
v 0.042060 -0.012292 0.158832
v 0.041530 -0.013333 0.160576
v 0.041888 -0.012292 0.160576
v 0.039786 -0.018433 0.162321
v 0.040956 -0.014036 0.164065
v 0.043274 -0.008804 0.157998
v 0.043733 -0.008804 0.153600
v 0.045018 -0.006014 0.151856
v 0.045307 -0.005316 0.151856
v 0.045307 -0.005316 0.151856
v 0.045018 -0.005552 0.153600
v 0.043563 -0.008804 0.155344
v 0.043563 -0.008804 0.155344
v 0.043369 -0.008804 0.157088
v 0.044178 -0.007060 0.155344
v 0.044795 -0.005316 0.155344
v 0.045018 -0.005316 0.154176
v 0.045018 -0.005316 0.154176
v 0.043898 -0.007060 0.157088
v 0.036298 -0.026363 0.171041
v 0.036341 -0.026245 0.171041
v 0.037205 -0.024501 0.169297
v 0.036976 -0.024501 0.171041
v 0.037586 -0.022757 0.171041
v 0.037586 -0.022757 0.171041
v 0.038042 -0.022334 0.167553
v 0.038042 -0.021925 0.169297
v 0.038437 -0.021012 0.167553
v 0.038750 -0.019268 0.171041
v 0.034554 -0.030237 0.172785
v 0.034706 -0.029733 0.172785
v 0.033477 -0.031477 0.174529
v 0.033959 -0.029733 0.174529
v 0.034554 -0.029733 0.173218
v 0.036298 -0.026245 0.171264
v 0.034542 -0.027989 0.174529
v 0.034554 -0.027989 0.174507
v 0.035194 -0.026245 0.174529
v 0.035194 -0.026245 0.174529
v 0.032285 -0.031477 0.176273
v 0.032809 -0.031477 0.175611
v 0.032763 -0.029733 0.176273
v 0.032809 -0.029733 0.176218
v 0.030176 -0.031477 0.178017
v 0.031065 -0.031477 0.177424
v 0.031065 -0.031477 0.177424
v 0.030840 -0.029733 0.178017
v 0.030840 -0.029733 0.178017
v 0.031065 -0.029733 0.177862
v 0.032809 -0.029583 0.176273
v 0.032809 -0.029583 0.176273
v 0.031065 -0.029173 0.178017
v 0.031065 -0.029173 0.178017
v 0.031065 -0.029173 0.178017
v 0.031557 -0.027989 0.178017
v 0.031557 -0.027989 0.178017
v 0.032809 -0.027989 0.176895
v 0.032809 -0.027989 0.176895
v 0.032809 -0.027989 0.176895
v 0.032809 -0.027989 0.176895
v 0.032809 -0.027989 0.176895
v 0.032219 -0.026245 0.178017
v 0.032219 -0.026245 0.178017
v 0.032809 -0.026245 0.177522
v 0.032809 -0.026245 0.177522
v 0.033358 -0.027989 0.176273
v 0.033358 -0.027989 0.176273
v 0.033358 -0.027989 0.176273
v 0.034008 -0.026245 0.176273
v 0.034008 -0.026245 0.176273
v 0.034008 -0.026245 0.176273
v 0.034008 -0.026245 0.176273
v 0.034554 -0.026245 0.175567
v 0.034554 -0.026245 0.175567
v 0.034554 -0.026245 0.175567
v 0.036298 -0.025234 0.172785
v 0.035886 -0.024501 0.174529
v 0.035886 -0.024501 0.174529
v 0.035886 -0.024501 0.174529
v 0.036298 -0.024501 0.173614
v 0.036298 -0.024501 0.173614
v 0.036298 -0.024501 0.173614
v 0.036298 -0.023435 0.174529
v 0.036298 -0.023435 0.174529
v 0.032741 -0.024501 0.178017
v 0.032741 -0.024501 0.178017
v 0.032809 -0.024501 0.177967
v 0.032809 -0.024501 0.177967
v 0.032809 -0.024248 0.178017
v 0.032809 -0.024248 0.178017
v 0.032809 -0.024248 0.178017
v 0.032809 -0.024248 0.178017
v 0.032809 -0.024248 0.178017
v 0.032809 -0.024248 0.178017
v 0.034554 -0.024827 0.176273
v 0.034554 -0.024827 0.176273
v 0.034554 -0.024827 0.176273
v 0.034682 -0.024501 0.176273
v 0.034682 -0.024501 0.176273
v 0.035336 -0.022757 0.176273
v 0.035336 -0.022757 0.176273
v 0.035336 -0.022757 0.176273
v 0.036298 -0.022757 0.174979
v 0.036298 -0.022757 0.174979
v 0.036298 -0.022757 0.174979
v 0.034554 -0.024501 0.176414
v 0.034554 -0.024501 0.176414
v 0.034554 -0.024501 0.176414
v 0.033219 -0.022757 0.178017
v 0.033219 -0.022757 0.178017
v 0.033219 -0.022757 0.178017
v 0.033219 -0.022757 0.178017
v 0.034554 -0.022757 0.177032
v 0.034554 -0.022757 0.177032
v 0.034554 -0.022757 0.177032
v 0.034554 -0.022757 0.177032
v 0.034554 -0.022757 0.177032
v 0.034554 -0.022757 0.177032
v 0.035910 -0.021012 0.176273
v 0.035910 -0.021012 0.176273
v 0.036298 -0.021012 0.175825
v 0.036298 -0.021012 0.175825
v 0.036298 -0.019770 0.176273
v 0.036298 -0.019770 0.176273
v 0.036298 -0.019770 0.176273
v 0.033697 -0.021012 0.178017
v 0.033697 -0.021012 0.178017
v 0.033697 -0.021012 0.178017
v 0.033697 -0.021012 0.178017
v 0.033697 -0.021012 0.178017
v 0.034554 -0.021012 0.177463
v 0.034554 -0.021012 0.177463
v 0.034554 -0.021012 0.177463
v 0.034554 -0.021012 0.177463
v 0.034220 -0.019268 0.178017
v 0.034554 -0.019268 0.177820
v 0.034554 -0.019268 0.177820
v 0.036298 -0.019268 0.176434
v 0.036298 -0.019268 0.176434
v 0.037220 -0.022757 0.172785
v 0.036547 -0.022757 0.174529
v 0.036547 -0.022757 0.174529
v 0.038042 -0.021012 0.171848
v 0.038042 -0.021012 0.171848
v 0.038042 -0.020360 0.172785
v 0.038042 -0.020360 0.172785
v 0.038404 -0.019268 0.172785
v 0.037141 -0.021012 0.174529
v 0.037141 -0.021012 0.174529
v 0.037707 -0.019268 0.174529
v 0.038042 -0.019268 0.173823
v 0.038042 -0.019268 0.173823
v 0.041371 -0.012292 0.165809
v 0.041530 -0.012292 0.164108
v 0.041233 -0.012292 0.167553
v 0.040019 -0.015780 0.169297
v 0.040556 -0.014036 0.169297
v 0.040363 -0.014036 0.171041
v 0.040363 -0.014036 0.171041
v 0.041530 -0.011826 0.165809
v 0.041530 -0.011405 0.167553
v 0.042150 -0.008804 0.171041
v 0.043274 -0.005956 0.171041
v 0.034554 -0.018328 0.178017
v 0.034554 -0.018328 0.178017
v 0.034877 -0.017524 0.178017
v 0.034877 -0.017524 0.178017
v 0.036298 -0.017524 0.176987
v 0.035652 -0.015780 0.178017
v 0.036298 -0.015780 0.177556
v 0.036298 -0.015780 0.177556
v 0.036298 -0.015780 0.177556
v 0.036298 -0.015780 0.177556
v 0.036298 -0.014360 0.178017
v 0.036298 -0.014360 0.178017
v 0.036298 -0.014360 0.178017
v 0.036298 -0.014360 0.178017
v 0.036298 -0.014360 0.178017
v 0.038960 -0.017524 0.172785
v 0.039476 -0.015780 0.172785
v 0.039476 -0.015780 0.172785
v 0.038776 -0.015780 0.174529
v 0.038776 -0.015780 0.174529
v 0.039786 -0.014694 0.172785
v 0.039786 -0.014694 0.172785
v 0.039975 -0.014036 0.172785
v 0.039858 -0.012292 0.174529
v 0.037022 -0.017524 0.176273
v 0.037022 -0.017524 0.176273
v 0.037022 -0.017524 0.176273
v 0.038042 -0.017524 0.174905
v 0.037614 -0.015780 0.176273
v 0.037614 -0.015780 0.176273
v 0.038042 -0.015780 0.175724
v 0.038042 -0.015780 0.175724
v 0.038042 -0.014526 0.176273
v 0.038042 -0.014526 0.176273
v 0.038042 -0.014526 0.176273
v 0.038812 -0.012292 0.176273
v 0.039786 -0.012292 0.174676
v 0.036442 -0.014036 0.178017
v 0.036442 -0.014036 0.178017
v 0.038042 -0.014036 0.176483
v 0.038042 -0.014036 0.176483
v 0.038042 -0.014036 0.176483
v 0.037161 -0.012292 0.178017
v 0.038042 -0.012292 0.177202
v 0.038042 -0.012292 0.177202
v 0.038042 -0.012292 0.177202
v 0.041530 -0.009655 0.172785
v 0.041898 -0.008804 0.172785
v 0.040540 -0.010548 0.174529
v 0.040540 -0.010548 0.174529
v 0.040540 -0.010548 0.174529
v 0.040540 -0.010548 0.174529
v 0.041343 -0.008804 0.174529
v 0.041343 -0.008804 0.174529
v 0.041343 -0.008804 0.174529
v 0.041343 -0.008804 0.174529
v 0.041530 -0.008804 0.174079
v 0.041530 -0.008804 0.174079
v 0.041530 -0.008804 0.174079
v 0.041530 -0.008804 0.174079
v 0.042647 -0.007060 0.172785
v 0.042647 -0.007060 0.172785
v 0.042647 -0.007060 0.172785
v 0.041530 -0.008417 0.174529
v 0.041530 -0.008417 0.174529
v 0.042155 -0.007060 0.174529
v 0.042155 -0.007060 0.174529
v 0.042868 -0.005316 0.174529
v 0.042868 -0.005316 0.174529
v 0.043274 -0.005316 0.173175
v 0.043274 -0.005316 0.173175
v 0.043274 -0.005316 0.173175
v 0.039485 -0.010548 0.176273
v 0.039786 -0.010548 0.175851
v 0.039786 -0.009846 0.176273
v 0.039786 -0.009846 0.176273
v 0.037817 -0.010548 0.178017
v 0.037817 -0.010548 0.178017
v 0.037817 -0.010548 0.178017
v 0.038042 -0.010548 0.177829
v 0.038042 -0.009940 0.178017
v 0.038042 -0.009940 0.178017
v 0.038042 -0.009940 0.178017
v 0.038458 -0.008804 0.178017
v 0.039786 -0.008804 0.176815
v 0.039786 -0.008804 0.176815
v 0.040256 -0.008804 0.176273
v 0.040256 -0.008804 0.176273
v 0.039038 -0.007060 0.178017
v 0.039038 -0.007060 0.178017
v 0.039038 -0.007060 0.178017
v 0.039786 -0.007060 0.177477
v 0.039786 -0.007060 0.177477
v 0.039786 -0.007060 0.177477
v 0.039506 -0.005316 0.178017
v 0.039786 -0.005316 0.177858
v 0.039786 -0.005316 0.177858
v 0.041530 -0.007060 0.175664
v 0.041530 -0.005941 0.176273
v 0.041530 -0.005941 0.176273
v 0.041530 -0.005941 0.176273
v 0.041776 -0.005316 0.176273
v 0.041776 -0.005316 0.176273
v 0.041530 -0.005316 0.176532
v 0.043914 -0.005316 0.165809
v 0.043745 -0.005316 0.167553
v 0.043622 -0.005316 0.169297
v 0.043622 -0.005316 0.169297
v 0.043526 -0.005316 0.171041
v 0.043526 -0.005316 0.171041
v 0.046019 -0.003572 0.151856
v 0.045761 -0.003572 0.153600
v 0.046762 -0.001058 0.153600
v 0.045018 -0.004686 0.155344
v 0.045018 -0.004686 0.155344
v 0.046056 -0.001828 0.155344
v 0.045706 -0.001828 0.157088
v 0.046762 -0.000260 0.155344
v 0.046533 -0.000084 0.157088
v 0.046762 -0.000084 0.155769
v 0.049305 0.003405 0.151856
v 0.049945 0.005149 0.151856
v 0.049945 0.005149 0.151856
v 0.049744 0.005149 0.153600
v 0.049744 0.005149 0.153600
v 0.050250 0.006237 0.151856
v 0.048506 0.003438 0.157088
v 0.049298 0.005149 0.157088
v 0.050395 0.006893 0.151856
v 0.050580 0.008637 0.151856
v 0.047213 0.001660 0.160576
v 0.046762 0.001146 0.162321
v 0.047009 0.001660 0.162321
v 0.048506 0.003792 0.158832
v 0.048506 0.003792 0.158832
v 0.048116 0.003405 0.160576
v 0.048506 0.004230 0.160576
v 0.048506 0.005149 0.162845
v 0.049170 0.006893 0.162321
v 0.049170 0.006893 0.162321
v 0.049440 0.008637 0.162321
v 0.048506 0.005675 0.164065
v 0.049179 0.008637 0.164065
v 0.029929 0.012125 0.158832
v 0.029503 0.012125 0.160576
v 0.049897 0.012125 0.151856
v 0.050250 0.011124 0.151856
v 0.050250 0.011124 0.151856
v 0.050250 0.011124 0.151856
v 0.049687 0.012125 0.153600
v 0.049687 0.012125 0.153600
v 0.050250 0.010387 0.153600
v 0.050250 0.010387 0.153600
v 0.047362 0.015613 0.151856
v 0.050072 0.010381 0.155344
v 0.050250 0.010381 0.153613
v 0.049492 0.012125 0.155344
v 0.049891 0.010381 0.157088
v 0.046601 0.015613 0.157088
v 0.046762 0.015468 0.157088
v 0.046867 0.015613 0.155344
v 0.050428 0.010381 0.151856
v 0.050428 0.010381 0.151856
v 0.046762 0.015907 0.153600
v 0.046762 0.015907 0.153600
v 0.044489 0.017357 0.153600
v 0.045018 0.016987 0.155344
v 0.046762 0.015706 0.155344
v 0.046762 0.015706 0.155344
v 0.045018 0.016858 0.157088
v 0.049539 0.010381 0.160576
v 0.048936 0.012125 0.160576
v 0.046360 0.015613 0.158832
v 0.046762 0.015242 0.158832
v 0.046762 0.015090 0.160576
v 0.048025 0.013869 0.158832
v 0.048506 0.013210 0.158832
v 0.047847 0.013869 0.160576
v 0.047847 0.013869 0.160576
v 0.048506 0.012919 0.160576
v 0.049309 0.010381 0.162321
v 0.046197 0.015613 0.162321
v 0.046762 0.015038 0.162321
v 0.046762 0.014997 0.164065
v 0.047727 0.013869 0.162321
v 0.045018 0.016716 0.158832
v 0.043274 -0.004209 0.174529
v 0.043274 -0.004209 0.174529
v 0.043274 -0.004209 0.174529
v 0.039786 -0.004013 0.178017
v 0.039786 -0.004013 0.178017
v 0.039786 -0.004013 0.178017
v 0.042396 -0.003572 0.176273
v 0.042396 -0.003572 0.176273
v 0.042396 -0.003572 0.176273
v 0.043274 -0.003572 0.175009
v 0.043274 -0.003572 0.175009
v 0.042977 -0.001828 0.176273
v 0.042977 -0.001828 0.176273
v 0.043274 -0.001828 0.175931
v 0.043274 -0.001828 0.175931
v 0.043274 -0.001828 0.175931
v 0.039870 -0.003572 0.178017
v 0.039870 -0.003572 0.178017
v 0.039870 -0.003572 0.178017
v 0.041530 -0.003572 0.177057
v 0.041530 -0.003572 0.177057
v 0.041530 -0.003572 0.177057
v 0.040227 -0.001828 0.178017
v 0.041530 -0.001828 0.177407
v 0.043274 -0.000917 0.176273
v 0.043274 -0.000917 0.176273
v 0.043274 -0.000917 0.176273
v 0.040768 -0.000084 0.178017
v 0.040768 -0.000084 0.178017
v 0.040768 -0.000084 0.178017
v 0.041530 -0.000084 0.177699
v 0.043274 -0.000084 0.176534
v 0.043274 -0.000084 0.176534
v 0.041517 0.001660 0.178017
v 0.041517 0.001660 0.178017
v 0.041517 0.001660 0.178017
v 0.041530 0.001660 0.178012
v 0.043274 0.001660 0.176979
v 0.043274 0.001660 0.176979
v 0.043274 0.001660 0.176979
v 0.043274 0.001660 0.176979
v 0.029716 0.008637 0.178017
v 0.041530 0.001688 0.178017
v 0.041530 0.001688 0.178017
v 0.041530 0.001688 0.178017
v 0.041530 0.001688 0.178017
v 0.042235 0.003405 0.178017
v 0.042235 0.003405 0.178017
v 0.042235 0.003405 0.178017
v 0.042235 0.003405 0.178017
v 0.042235 0.003405 0.178017
v 0.043274 0.003405 0.177354
v 0.043274 0.003405 0.177354
v 0.043274 0.003405 0.177354
v 0.043274 0.003405 0.177354
v 0.042695 0.005149 0.178017
v 0.042695 0.005149 0.178017
v 0.042695 0.005149 0.178017
v 0.043274 0.005149 0.177625
v 0.043274 0.005149 0.177625
v 0.042861 0.006893 0.178017
v 0.042774 0.008637 0.178017
v 0.043274 0.008637 0.177694
v 0.043274 0.008637 0.177694
v 0.045018 -0.002401 0.165809
v 0.044441 -0.003572 0.167553
v 0.044441 -0.003572 0.167553
v 0.045018 -0.002220 0.167553
v 0.045155 -0.001828 0.169297
v 0.044259 -0.003572 0.171041
v 0.045045 -0.001828 0.171041
v 0.045798 -0.000084 0.171041
v 0.046435 0.001660 0.171041
v 0.048506 0.007186 0.167553
v 0.048720 0.008637 0.167553
v 0.048720 0.008637 0.167553
v 0.046762 0.002762 0.171041
v 0.046762 0.002762 0.171041
v 0.048506 0.008637 0.168785
v 0.048506 0.008637 0.168785
v 0.048506 0.008637 0.168785
v 0.048006 0.008637 0.171041
v 0.044029 -0.003572 0.172785
v 0.044736 -0.001828 0.172785
v 0.044128 -0.001828 0.174529
v 0.044128 -0.001828 0.174529
v 0.044128 -0.001828 0.174529
v 0.044128 -0.001828 0.174529
v 0.045018 -0.001127 0.172785
v 0.046023 0.001660 0.172785
v 0.046023 0.001660 0.172785
v 0.046023 0.001660 0.172785
v 0.044726 -0.000084 0.174529
v 0.044726 -0.000084 0.174529
v 0.045018 -0.000084 0.173906
v 0.045018 0.000808 0.174529
v 0.045018 0.000808 0.174529
v 0.045018 0.000808 0.174529
v 0.045018 0.000808 0.174529
v 0.045278 0.001660 0.174529
v 0.043533 -0.000084 0.176273
v 0.043533 -0.000084 0.176273
v 0.044033 0.001660 0.176273
v 0.044033 0.001660 0.176273
v 0.044033 0.001660 0.176273
v 0.045018 0.001660 0.174975
v 0.045018 0.001660 0.174975
v 0.046523 0.003405 0.172785
v 0.046762 0.003405 0.171899
v 0.046762 0.004343 0.172785
v 0.045780 0.003405 0.174529
v 0.046236 0.005149 0.174529
v 0.046762 0.005149 0.173375
v 0.046762 0.005149 0.173375
v 0.046952 0.005149 0.172785
v 0.046952 0.005149 0.172785
v 0.046555 0.006893 0.174529
v 0.046555 0.006893 0.174529
v 0.046762 0.006893 0.174150
v 0.046631 0.008637 0.174529
v 0.046762 0.008637 0.174316
v 0.047302 0.006893 0.172785
v 0.044482 0.003405 0.176273
v 0.044482 0.003405 0.176273
v 0.045018 0.003405 0.175658
v 0.044865 0.005149 0.176273
v 0.045018 0.005149 0.176122
v 0.045110 0.006893 0.176273
v 0.045129 0.008637 0.176273
v 0.045129 0.008637 0.176273
v 0.045129 0.008637 0.176273
v 0.045129 0.008637 0.176273
v 0.045018 0.006893 0.176356
v 0.045018 0.006893 0.176356
v 0.045018 0.006893 0.176356
v 0.045018 0.008637 0.176371
v 0.045018 0.008637 0.176371
v 0.045018 0.008637 0.176371
v 0.045018 0.008637 0.176371
v 0.041530 0.018330 0.167553
v 0.038042 0.018281 0.169297
v 0.039786 0.018333 0.169297
v 0.039786 0.018333 0.169297
v 0.039786 0.017956 0.171041
v 0.039786 0.017956 0.171041
v 0.041530 0.018024 0.169297
v 0.041530 0.018024 0.169297
v 0.042111 0.017357 0.171041
v 0.043274 0.016772 0.171041
v 0.043274 0.016772 0.171041
v 0.041530 0.017573 0.171041
v 0.030170 0.012125 0.176273
v 0.030170 0.012125 0.176273
v 0.030563 0.010381 0.178017
v 0.030563 0.010381 0.178017
v 0.031675 0.012125 0.178017
v 0.031675 0.012125 0.178017
v 0.032809 0.014752 0.176273
v 0.032809 0.014752 0.176273
v 0.032809 0.014752 0.176273
v 0.032809 0.015613 0.174755
v 0.032809 0.013288 0.178017
v 0.032809 0.013869 0.177396
v 0.034554 0.015561 0.176273
v 0.034554 0.015613 0.176189
v 0.034716 0.015613 0.176273
v 0.033664 0.013869 0.178017
v 0.033664 0.013869 0.178017
v 0.033664 0.013869 0.178017
v 0.034554 0.014271 0.178017
v 0.034554 0.014271 0.178017
v 0.034554 0.014271 0.178017
v 0.036298 0.014599 0.178017
v 0.036298 0.014599 0.178017
v 0.036298 0.014599 0.178017
v 0.042253 0.015613 0.174529
v 0.042253 0.015613 0.174529
v 0.043274 0.014905 0.174529
v 0.043274 0.015613 0.173532
v 0.043274 0.015613 0.173532
v 0.042358 0.010381 0.178017
v 0.042358 0.010381 0.178017
v 0.043274 0.010381 0.177444
v 0.041330 0.012125 0.178017
v 0.041330 0.012125 0.178017
v 0.041530 0.011873 0.178017
v 0.041530 0.011873 0.178017
v 0.041530 0.012125 0.177903
v 0.041530 0.012125 0.177903
v 0.043274 0.012125 0.176807
v 0.043274 0.012125 0.176807
v 0.039230 0.015613 0.176273
v 0.039230 0.015613 0.176273
v 0.039230 0.015613 0.176273
v 0.039230 0.015613 0.176273
v 0.039786 0.015420 0.176273
v 0.039786 0.015420 0.176273
v 0.039786 0.015613 0.176050
v 0.039786 0.015613 0.176050
v 0.039235 0.013869 0.178017
v 0.039235 0.013869 0.178017
v 0.039235 0.013869 0.178017
v 0.039235 0.013869 0.178017
v 0.039786 0.013526 0.178017
v 0.039786 0.013526 0.178017
v 0.039786 0.013869 0.177756
v 0.039786 0.013869 0.177756
v 0.038042 0.014367 0.178017
v 0.038042 0.014367 0.178017
v 0.038042 0.014367 0.178017
v 0.038042 0.015613 0.176616
v 0.038042 0.015613 0.176616
v 0.042354 0.013869 0.176273
v 0.043274 0.013013 0.176273
v 0.043274 0.013013 0.176273
v 0.043274 0.013869 0.175603
v 0.041530 0.015613 0.175080
v 0.041530 0.015613 0.175080
v 0.041530 0.013869 0.176799
v 0.032809 0.016195 0.172785
v 0.034554 0.016922 0.172785
v 0.034554 0.016428 0.174529
v 0.034554 0.016428 0.174529
v 0.036298 0.016832 0.174529
v 0.036298 0.015914 0.176273
v 0.038042 0.017566 0.172785
v 0.039786 0.017446 0.172785
v 0.038042 0.016915 0.174529
v 0.039786 0.016670 0.174529
v 0.039786 0.016670 0.174529
v 0.041530 0.016960 0.172785
v 0.041530 0.016960 0.172785
v 0.041530 0.016960 0.172785
v 0.041530 0.017357 0.171729
v 0.043274 0.016030 0.172785
v 0.043274 0.016030 0.172785
v 0.041530 0.016017 0.174529
v 0.038042 0.015868 0.176273
v 0.046094 0.015613 0.165809
v 0.046762 0.014832 0.165809
v 0.046762 0.014832 0.165809
v 0.046762 0.014514 0.167553
v 0.046762 0.014514 0.167553
v 0.047446 0.013869 0.165809
v 0.047208 0.013869 0.167553
v 0.048337 0.010381 0.169297
v 0.048337 0.010381 0.169297
v 0.048337 0.010381 0.169297
v 0.048506 0.010381 0.168305
v 0.048506 0.010381 0.168305
v 0.047859 0.012125 0.169297
v 0.047952 0.010381 0.171041
v 0.047952 0.010381 0.171041
v 0.047952 0.010381 0.171041
v 0.047480 0.012125 0.171041
v 0.046762 0.014088 0.169297
v 0.046478 0.013869 0.171041
v 0.044845 0.015613 0.171041
v 0.045018 0.015613 0.170622
v 0.043762 0.017357 0.167553
v 0.045018 0.016422 0.167553
v 0.045018 0.016029 0.169297
v 0.045018 0.016029 0.169297
v 0.046414 0.010381 0.174529
v 0.046762 0.010381 0.173989
v 0.045764 0.012125 0.174529
v 0.045764 0.012125 0.174529
v 0.045764 0.012125 0.174529
v 0.046762 0.012125 0.172950
v 0.046762 0.012125 0.172950
v 0.047366 0.010381 0.172785
v 0.047366 0.010381 0.172785
v 0.046841 0.012125 0.172785
v 0.045720 0.013869 0.172785
v 0.045720 0.013869 0.172785
v 0.043863 0.015613 0.172785
v 0.045018 0.014618 0.172785
v 0.045018 0.014618 0.172785
v 0.045018 0.014618 0.172785
v 0.044445 0.013869 0.174529
v 0.045018 0.013232 0.174529
v 0.045018 0.013232 0.174529
v 0.045018 0.013869 0.173852
v 0.045018 0.013869 0.173852
v 0.045018 0.013869 0.173852
v 0.045018 0.013869 0.173852
v 0.044833 0.010381 0.176273
v 0.044833 0.010381 0.176273
v 0.045018 0.009584 0.176273
v 0.045018 0.009584 0.176273
v 0.045018 0.009584 0.176273
v 0.045018 0.010381 0.176110
v 0.043999 0.012125 0.176273
v 0.043999 0.012125 0.176273
v 0.045018 0.012125 0.175370
v 0.031065 -0.027989 0.178356
v 0.031065 -0.026245 0.178786
v 0.031065 -0.024501 0.179061
v 0.029851 -0.022757 0.179761
v 0.031065 -0.022757 0.179229
v 0.032809 -0.022757 0.178271
v 0.030123 -0.021012 0.179761
v 0.031065 -0.021012 0.179365
v 0.032809 -0.021012 0.178506
v 0.032809 -0.021012 0.178506
v 0.032809 -0.021012 0.178506
v 0.030440 -0.019268 0.179761
v 0.031065 -0.019268 0.179515
v 0.031065 -0.019268 0.179515
v 0.031065 -0.019268 0.179515
v 0.032809 -0.019268 0.178738
v 0.032809 -0.019268 0.178738
v 0.030887 -0.017524 0.179761
v 0.030887 -0.017524 0.179761
v 0.031065 -0.017524 0.179697
v 0.031065 -0.017524 0.179697
v 0.031065 -0.017524 0.179697
v 0.032809 -0.017524 0.179016
v 0.032809 -0.017524 0.179016
v 0.032809 -0.017524 0.179016
v 0.032809 -0.017524 0.179016
v 0.031065 -0.016988 0.179761
v 0.031574 -0.015780 0.179761
v 0.031574 -0.015780 0.179761
v 0.031574 -0.015780 0.179761
v 0.032809 -0.015780 0.179344
v 0.032809 -0.015780 0.179344
v 0.031065 -0.015780 0.179920
v 0.031065 -0.015780 0.179920
v 0.034554 -0.017524 0.178198
v 0.034554 -0.017524 0.178198
v 0.034554 -0.017524 0.178198
v 0.034554 -0.015780 0.178628
v 0.034554 -0.015780 0.178628
v 0.032585 -0.014036 0.179761
v 0.032585 -0.014036 0.179761
v 0.032809 -0.014036 0.179691
v 0.032809 -0.013680 0.179761
v 0.032809 -0.013680 0.179761
v 0.032809 -0.013680 0.179761
v 0.031065 -0.014036 0.180194
v 0.031065 -0.014036 0.180194
v 0.031065 -0.014036 0.180194
v 0.031065 -0.014036 0.180194
v 0.031065 -0.014036 0.180194
v 0.031065 -0.012292 0.180468
v 0.031065 -0.012292 0.180468
v 0.031065 -0.012292 0.180468
v 0.034554 -0.014036 0.179065
v 0.034554 -0.014036 0.179065
v 0.036298 -0.014036 0.178118
v 0.033653 -0.012292 0.179761
v 0.033653 -0.012292 0.179761
v 0.034554 -0.012292 0.179450
v 0.034554 -0.012292 0.179450
v 0.036298 -0.012292 0.178612
v 0.031065 -0.010548 0.180664
v 0.031065 -0.010548 0.180664
v 0.032809 -0.010548 0.180279
v 0.032809 -0.010548 0.180279
v 0.032809 -0.010548 0.180279
v 0.031065 -0.008804 0.180734
v 0.031065 -0.008804 0.180734
v 0.032809 -0.008804 0.180426
v 0.032809 -0.008804 0.180426
v 0.034526 -0.010548 0.179761
v 0.034526 -0.010548 0.179761
v 0.036298 -0.010548 0.179005
v 0.036298 -0.010548 0.179005
v 0.036298 -0.010548 0.179005
v 0.034554 -0.010482 0.179761
v 0.034554 -0.010482 0.179761
v 0.034554 -0.010482 0.179761
v 0.035087 -0.008804 0.179761
v 0.035087 -0.008804 0.179761
v 0.036298 -0.008804 0.179276
v 0.036298 -0.008804 0.179276
v 0.036298 -0.008804 0.179276
v 0.034554 -0.008804 0.179942
v 0.034554 -0.008804 0.179942
v 0.034554 -0.008804 0.179942
v 0.034554 -0.008804 0.179942
v 0.031065 -0.007060 0.180721
v 0.031065 -0.007060 0.180721
v 0.032809 -0.007060 0.180482
v 0.032809 -0.007060 0.180482
v 0.032809 -0.007060 0.180482
v 0.032809 -0.007060 0.180482
v 0.031065 -0.005316 0.180758
v 0.032809 -0.005316 0.180570
v 0.032809 -0.005316 0.180570
v 0.032809 -0.005316 0.180570
v 0.032809 -0.005316 0.180570
v 0.035331 -0.007060 0.179761
v 0.036298 -0.007060 0.179400
v 0.036298 -0.007060 0.179400
v 0.036298 -0.007060 0.179400
v 0.035469 -0.005316 0.179761
v 0.035469 -0.005316 0.179761
v 0.036298 -0.005316 0.179448
v 0.036298 -0.005316 0.179448
v 0.034554 -0.007060 0.180020
v 0.034554 -0.007060 0.180020
v 0.034554 -0.005316 0.180087
v 0.038042 -0.008804 0.178311
v 0.038042 -0.007060 0.178602
v 0.038042 -0.007060 0.178602
v 0.038042 -0.007060 0.178602
v 0.038042 -0.005316 0.178733
v 0.032809 -0.003572 0.180745
v 0.032809 -0.003572 0.180745
v 0.032809 -0.001828 0.180936
v 0.035741 -0.003572 0.179761
v 0.035741 -0.003572 0.179761
v 0.035741 -0.003572 0.179761
v 0.036298 -0.003572 0.179528
v 0.036298 -0.003572 0.179528
v 0.036092 -0.001828 0.179761
v 0.036092 -0.001828 0.179761
v 0.034554 -0.003572 0.180233
v 0.034554 -0.003572 0.180233
v 0.034554 -0.003572 0.180233
v 0.034554 -0.001828 0.180421
v 0.034554 -0.001828 0.180421
v 0.031065 -0.000084 0.181135
v 0.032809 -0.000084 0.181077
v 0.032809 -0.000084 0.181077
v 0.031065 0.001660 0.181075
v 0.031065 0.001660 0.181075
v 0.032809 0.001660 0.181116
v 0.032809 0.001660 0.181116
v 0.032809 0.001660 0.181116
v 0.036298 -0.000929 0.179761
v 0.036298 -0.000929 0.179761
v 0.034554 -0.000084 0.180603
v 0.034554 -0.000084 0.180603
v 0.034554 0.001660 0.180754
v 0.034554 0.001660 0.180754
v 0.034554 0.001660 0.180754
v 0.034554 0.001660 0.180754
v 0.036298 0.001660 0.180125
v 0.036298 0.001660 0.180125
v 0.036298 0.001660 0.180125
v 0.038042 -0.003572 0.178801
v 0.038042 -0.003572 0.178801
v 0.038042 -0.003572 0.178801
v 0.039786 -0.003572 0.178055
v 0.039786 -0.003572 0.178055
v 0.038042 -0.001828 0.178900
v 0.038042 -0.001828 0.178900
v 0.038042 -0.001828 0.178900
v 0.039786 -0.001828 0.178191
v 0.039786 -0.001828 0.178191
v 0.039786 -0.001828 0.178191
v 0.039786 -0.001828 0.178191
v 0.036533 -0.000084 0.179761
v 0.038042 -0.000084 0.179101
v 0.038042 -0.000084 0.179101
v 0.038042 -0.000084 0.179101
v 0.039786 -0.000084 0.178391
v 0.039786 -0.000084 0.178391
v 0.037192 0.001660 0.179761
v 0.037192 0.001660 0.179761
v 0.037192 0.001660 0.179761
v 0.038042 0.001660 0.179408
v 0.038042 0.001660 0.179408
v 0.038042 0.001660 0.179408
v 0.038042 0.001660 0.179408
v 0.039786 0.001660 0.178699
v 0.039786 0.001660 0.178699
v 0.039786 0.001660 0.178699
v 0.039786 0.001660 0.178699
v 0.039786 0.001660 0.178699
v 0.029885 0.005149 0.179761
v 0.029885 0.005149 0.179761
v 0.029885 0.005149 0.179761
v 0.031065 0.003405 0.180814
v 0.031065 0.003405 0.180814
v 0.032809 0.003405 0.181051
v 0.032809 0.003405 0.181051
v 0.031065 0.005149 0.180456
v 0.031065 0.005149 0.180456
v 0.031065 0.005149 0.180456
v 0.034554 0.003405 0.180868
v 0.034554 0.003405 0.180868
v 0.034554 0.003405 0.180868
v 0.034554 0.003405 0.180868
v 0.036298 0.003405 0.180388
v 0.036298 0.003405 0.180388
v 0.036298 0.003405 0.180388
v 0.036298 0.003405 0.180388
v 0.036298 0.005149 0.180584
v 0.030636 0.006893 0.179761
v 0.031065 0.008027 0.179761
v 0.031065 0.008027 0.179761
v 0.031065 0.008637 0.179538
v 0.031321 0.008637 0.179761
v 0.031321 0.008637 0.179761
v 0.031321 0.008637 0.179761
v 0.031065 0.006893 0.180080
v 0.032809 0.006893 0.180831
v 0.032809 0.006893 0.180831
v 0.032809 0.008637 0.180565
v 0.032809 0.008637 0.180565
v 0.032809 0.008637 0.180565
v 0.032809 0.008637 0.180565
v 0.034554 0.006893 0.180934
v 0.036298 0.006893 0.180662
v 0.036298 0.006893 0.180662
v 0.034554 0.008637 0.180797
v 0.034554 0.008637 0.180797
v 0.034554 0.008637 0.180797
v 0.034554 0.008637 0.180797
v 0.036298 0.008637 0.180604
v 0.036298 0.008637 0.180604
v 0.036298 0.008637 0.180604
v 0.038005 0.003405 0.179761
v 0.038005 0.003405 0.179761
v 0.038042 0.003405 0.179747
v 0.038042 0.003405 0.179747
v 0.039786 0.003405 0.179065
v 0.039786 0.003405 0.179065
v 0.038042 0.003481 0.179761
v 0.038789 0.005149 0.179761
v 0.038789 0.005149 0.179761
v 0.038789 0.005149 0.179761
v 0.039786 0.005149 0.179390
v 0.038042 0.005149 0.180029
v 0.041530 0.003405 0.178362
v 0.041530 0.003405 0.178362
v 0.041530 0.003405 0.178362
v 0.041530 0.005149 0.178658
v 0.041530 0.005149 0.178658
v 0.039271 0.006893 0.179761
v 0.039271 0.006893 0.179761
v 0.039270 0.008637 0.179761
v 0.039270 0.008637 0.179761
v 0.039786 0.008637 0.179560
v 0.038042 0.006893 0.180183
v 0.038042 0.008637 0.180177
v 0.038042 0.008637 0.180177
v 0.038042 0.008637 0.180177
v 0.038042 0.008637 0.180177
v 0.041530 0.006893 0.178791
v 0.041530 0.006893 0.178791
v 0.041530 0.008637 0.178739
v 0.041530 0.008637 0.178739
v 0.031065 0.010381 0.178623
v 0.032345 0.010381 0.179761
v 0.032345 0.010381 0.179761
v 0.032809 0.010937 0.179761
v 0.032809 0.010937 0.179761
v 0.032809 0.012125 0.179024
v 0.032809 0.012125 0.179024
v 0.032809 0.012125 0.179024
v 0.032809 0.012125 0.179024
v 0.032809 0.010381 0.180019
v 0.032809 0.010381 0.180019
v 0.034554 0.012122 0.179761
v 0.034554 0.012122 0.179761
v 0.034563 0.012125 0.179761
v 0.034563 0.012125 0.179761
v 0.034563 0.012125 0.179761
v 0.034563 0.012125 0.179761
v 0.034554 0.010381 0.180452
v 0.034554 0.010381 0.180452
v 0.034554 0.010381 0.180452
v 0.034554 0.010381 0.180452
v 0.036298 0.010381 0.180372
v 0.036298 0.010381 0.180372
v 0.036298 0.010381 0.180372
v 0.036298 0.010381 0.180372
v 0.036298 0.010381 0.180372
v 0.036298 0.012125 0.179845
v 0.036298 0.012125 0.179845
v 0.034554 0.013869 0.178448
v 0.034554 0.013869 0.178448
v 0.036298 0.012312 0.179761
v 0.036298 0.013869 0.178743
v 0.036298 0.013869 0.178743
v 0.038757 0.010381 0.179761
v 0.038757 0.010381 0.179761
v 0.038757 0.010381 0.179761
v 0.039786 0.010381 0.179356
v 0.039786 0.010381 0.179356
v 0.039786 0.010381 0.179356
v 0.036994 0.012125 0.179761
v 0.036994 0.012125 0.179761
v 0.038042 0.011406 0.179761
v 0.038042 0.011406 0.179761
v 0.038042 0.011406 0.179761
v 0.038042 0.012125 0.179517
v 0.038042 0.012125 0.179517
v 0.039786 0.012125 0.178826
v 0.039786 0.012125 0.178826
v 0.039786 0.012125 0.178826
v 0.039786 0.012125 0.178826
v 0.038042 0.010381 0.179993
v 0.038042 0.010381 0.179993
v 0.038042 0.010381 0.179993
v 0.038042 0.010381 0.179993
v 0.041530 0.010381 0.178491
v 0.041530 0.010381 0.178491
v 0.038042 0.013869 0.178467
v 0.038042 0.013869 0.178467
v 0.038042 0.013869 0.178467
v 0.038042 0.013869 0.178467
f 160 161 168
f 169 162 163
f 173 171 170
f 164 165 174
f 178 166 167
f 180 184 183
f 185 172 187
f 189 188 186
f 175 179 191
f 176 192 190
f 194 193 182
f 181 196 195
f 199 197 198
f 200 201 202
f 205 204 203
f 213 207 177
f 214 215 216
f 218 210 206
f 208 212 219
f 220 221 217
f 224 223 225
f 226 211 209
f 228 222 229
f 232 231 230
f 235 233 234
f 236 237 239
f 241 240 238
f 242 1 3
f 243 244 245
f 251 249 227
f 253 252 254
f 246 250 256
f 257 255 258
f 262 260 261
f 263 264 265
f 266 247 248
f 267 268 270
f 274 273 259
f 269 272 275
f 277 278 279
f 281 280 282
f 287 286 284
f 283 285 288
f 289 271 276
f 290 291 292
f 293 294 295
f 300 298 301
f 303 296 297
f 306 305 304
f 302 299 7
f 309 307 308
f 311 312 310
f 313 314 318
f 317 315 316
f 320 6 319
f 324 321 325
f 322 323 330
f 326 328 329
f 333 327 331
f 334 336 335
f 332 338 339
f 345 344 342
f 343 340 346
f 351 349 350
f 353 352 354
f 357 356 355
f 362 361 337
f 359 358 360
f 341 363 364
f 366 348 347
f 365 27 28
f 367 32 26
f 368 369 370
f 371 372 373
f 376 377 378
f 381 379 382
f 384 380 383
f 385 410 386
f 388 387 389
f 390 375 391
f 394 392 374
f 397 395 393
f 405 404 402
f 403 400 401
f 408 409 407
f 412 411 406
f 415 413 414
f 416 421 417
f 419 418 420
f 423 396 399
f 424 398 422
f 427 425 426
f 428 429 432
f 445 430 431
f 436 437 442
f 444 447 448
f 446 433 449
f 450 451 453
f 455 454 452
f 463 462 435
f 465 456 434
f 467 464 468
f 471 461 460
f 472 469 466
f 439 475 473
f 478 477 440
f 438 443 481
f 480 482 476
f 479 441 457
f 485 484 458
f 459 488 487
f 494 490 496
f 498 497 491
f 474 483 499
f 495 502 493
f 501 503 504
f 511 506 505
f 492 500 512
f 516 513 508
f 517 514 507
f 524 486 520
f 470 521 489
f 530 533 535
f 522 525 540
f 541 538 523
f 547 544 537
f 542 549 510
f 546 550 543
f 527 539 526
f 556 548 528
f 555 552 545
f 509 551 558
f 557 529 536
f 560 561 564
f 565 553 554
f 563 568 567
f 569 572 571
f 577 574 573
f 578 576 579
f 582 581 580
f 583 534 532
f 584 531 575
f 562 587 586
f 594 592 591
f 589 588 590
f 585 601 605
f 607 608 609
f 603 602 606
f 616 610 600
f 612 615 617
f 629 630 632
f 635 631 623
f 622 627 636
f 611 624 604
f 614 628 625
f 638 637 626
f 633 640 639
f 613 642 641
f 643 618 620
f 644 619 645
f 621 649 652
f 651 650 653
f 647 648 655
f 646 656 654
f 659 663 662
f 667 668 672
f 669 673 671
f 661 670 675
f 674 664 660
f 678 676 677
f 679 597 598
f 685 681 683
f 722 687 686
f 666 690 689
f 694 695 696
f 697 698 699
f 693 691 701
f 692 703 706
f 704 708 702
f 712 705 707
f 714 713 709
f 710 717 715
f 721 718 711
f 727 723 725
f 724 688 43
f 729 728 44
f 716 733 732
f 700 726 737
f 736 719 720
f 743 735 740
f 747 741 739
f 738 744 746
f 745 750 748
f 751 754 757
f 755 758 756
f 760 761 759
f 762 763 765
f 766 49 50
f 770 767 52
f 773 774 764
f 776 60 62
f 63 65 779
f 519 780 515
f 786 781 518
f 566 787 559
f 793 782 784
f 799 797 796
f 800 801 798
f 595 593 795
f 806 794 783
f 785 788 808
f 807 789 790
f 813 811 791
f 596 792 570
f 816 815 812
f 817 818 814
f 804 809 819
f 821 810 823
f 805 820 825
f 831 828 822
f 824 829 830
f 835 802 803
f 841 842 599
f 843 838 836
f 826 827 849
f 837 839 848
f 854 852 846
f 847 850 853
f 845 856 840
f 857 844 851
f 860 867 859
f 861 863 869
f 870 864 855
f 871 868 862
f 880 876 634
f 878 881 885
f 889 884 879
f 886 891 832
f 877 883 834
f 888 892 882
f 833 890 898
f 896 893 887
f 899 897 894
f 658 900 657
f 895 904 902
f 903 905 906
f 901 908 911
f 914 912 907
f 923 921 919
f 918 858 865
f 926 925 866
f 931 929 873
f 872 875 932
f 933 928 930
f 936 680 917
f 938 920 922
f 684 682 937
f 939 924 927
f 947 942 941
f 944 945 949
f 940 943 952
f 953 948 958
f 951 957 954
f 956 960 955
f 966 963 967
f 968 971 965
f 874 909 975
f 910 913 977
f 983 980 976
f 989 916 665
f 915 986 979
f 988 990 985
f 982 978 987
f 993 946 935
f 934 981 992
f 991 1007 1004
f 1005 1006 1008
f 1001 1011 996
f 1002 994 984
f 995 1009 1013
f 1012 1010 1003
f 950 998 1014
f 997 999 1017
f 1020 961 959
f 1019 1016 1023
f 1024 1015 1000
f 1025 1021 1018
f 1031 973 969
f 970 1027 1030
f 1033 1028 1022
f 1029 1034 1036
f 1039 1037 1032
f 1043 1040 1042
f 731 734 1046
f 1045 1041 730
f 1048 742 1050
f 1049 1053 1035
f 1047 1026 1044
f 752 1054 753
f 1057 962 964
f 1060 1059 1055
f 1062 1058 1061
f 1056 972 974
f 1071 1064 1063
f 1075 1074 1076
f 1078 1066 1065
f 1079 1083 1068
f 1072 1086 1080
f 1090 1087 1070
f 1077 1088 1082
f 1091 1084 1089
f 1081 1093 1085
f 1094 1095 1098
f 1052 1103 1100
f 1102 1105 1106
f 1107 1073 1038
f 1051 1099 1109
f 1110 1108 1101
f 749 768 1104
f 1114 1113 1117
f 1111 1121 1120
f 769 771 1122
f 1119 1125 1124
f 1123 1112 1118
f 1127 1069 1067
f 1133 1135 1131
f 1128 1136 1132
f 1092 1096 1138
f 1137 1140 1145
f 1129 1146 775
f 1130 1134 1147
f 1142 1144 1148
f 1153 1154 1160
f 1141 1097 1115
f 1139 1116 1163
f 1143 1162 1165
f 1166 1126 772
f 1158 1167 1169
f 1155 1161 1177
f 1156 1174 1172
f 1149 1178 74
f 1171 1176 71
f 1173 1164 1157
f 1180 1150 1151
f 1152 1181 1179
f 1175 1159 1170
f 1182 1168 777
f 778 42 77
f 1185 1184 1183
f 1188 1187 1186
f 1190 1191 1189
f 1194 1193 1192
f 1197 1195 1196
f 1200 1201 1199
f 1204 1203 1202
f 1206 1205 1198
f 1208 1211 1213
f 1215 1217 1212
f 1214 1210 1216
f 1218 1209 1207
f 1221 1220 1219
f 1224 1222 1223
f 1225 1229 1226
f 1230 1227 1228
f 1233 45 58
f 1232 1235 1231
f 1237 1236 1234
f 1238 59 40
f 1242 1241 1239
f 1249 1247 1248
f 1250 1246 1243
f 1257 1254 1252
f 1259 1255 1256
f 1262 1261 1258
f 1269 1266 1265
f 1273 1272 1271
f 1278 1277 1276
f 1280 1279 1281
f 1283 1284 1282
f 1291 1290 1289
f 1294 117 1293
f 1298 1296 1295
f 1286 1292 1297
f 68 69 1302
f 1240 1299 1300
f 1301 1303 1304
f 1245 1244 1306
f 1305 1308 1312
f 1313 73 72
f 70 78 1317
f 126 1318 75
f 76 67 127
f 1316 128 125
f 1307 1314 1320
f 1311 1309 1322
f 1310 1319 1328
f 1331 1329 1323
f 1333 1330 1324
f 1321 1326 1334
f 1335 1325 1315
f 1339 1340 1336
f 1251 1342 1253
f 1344 1346 1260
f 1349 1327 1332
f 1353 1351 1348
f 1354 1352 1355
f 1338 131 1358
f 1356 1341 1337
f 1357 132 129
f 1345 1343 1350
f 1359 1360 1347
f 1366 1365 1361
f 1362 1363 1368
f 1364 1370 1371
f 1263 1372 1374
f 1264 1375 1378
f 1377 1373 1369
f 1380 1376 1382
f 1383 1381 1367
f 1384 139 138
f 1268 1267 1379
f 1386 1388 1270
f 1391 1393 1390
f 140 1395 1385
f 1399 1397 1387
f 1398 1389 1394
f 1392 1396 1402
f 144 1404 1401
f 1403 146 143
f 1275 1274 1407
f 1406 1400 1405
f 1410 1409 1412
f 1414 1408 1411
f 1417 1415 1416
f 147 1418 1413
f 1285 1419 1420
f 1426 1424 1423
f 1421 1427 151
f 1422 150 148
f 1287 1429 1288
f 153 1428 1431
f 1430 1425 149
f 1435 1433 1434
f 1440 1438 1439
f 1436 1441 1442
f 1443 1444 1445
f 1448 1446 1447
f 1432 1437 1449
f 1450 1451 1452
f 1458 1455 1454
f 1459 1457 1460
f 2 1461 1464
f 1462 1463 1465
f 4 1467 1468
f 5 1469 1470
f 1473 1471 1472
f 1466 1476 1477
f 1481 1479 1475
f 1483 1482 1480
f 1485 1484 1478
f 1474 1453 1456
f 1489 1488 1487
f 1486 1490 1491
f 1492 1493 1494
f 1497 1495 1496
f 1498 1499 1500
f 1504 1503 1505
f 1508 1507 1502
f 1506 1509 1510
f 1515 1511 1512
f 1519 1518 1501
f 1513 1514 1523
f 1525 1524 1522
f 1526 1516 1527
f 1517 1520 1529
f 1531 1521 1533
f 1528 1530 1535
f 1537 1536 1538
f 1542 1540 1539
f 1546 1547 1549
f 1550 1544 1545
f 1551 1534 1532
f 1558 1556 1541
f 1559 1553 1552
f 1557 1543 1548
f 1565 1564 1563
f 1568 1566 1567
f 1572 1571 1570
f 1569 1576 1578
f 1574 1577 1579
f 1573 1575 1582
f 1584 1583 1585
f 1586 1580 1581
f 1588 1587 1589
f 1591 1590 1555
f 1554 1560 1592
f 1593 1594 1595
f 1561 1562 1596
f 1597 1599 9
f 11 10 1598
f 1600 13 8
f 1603 1602 1601
f 14 1604 15
f 1607 1606 1605
f 1608 1611 1612
f 1609 1610 1614
f 29 1615 1616
f 31 1617 1618
f 25 30 1619
f 1622 1621 1623
f 1625 1624 1613
f 1626 1627 1628
f 1632 1629 1631
f 1635 1633 1630
f 1641 1639 1640
f 79 1643 1642
f 1647 1644 1645
f 1649 1648 1646
f 1652 1651 1634
f 1654 1636 1637
f 1650 1653 1656
f 1657 1655 1659
f 1660 1658 1638
f 1663 81 80
f 1661 1662 1664
f 1666 34 33
f 1667 1665 1620
f 36 35 1668
f 1672 1670 1671
f 38 37 1674
f 1669 1673 1677
f 1678 1676 1675
f 1682 1679 1680
f 1684 1681 1683
f 1685 1686 1687
f 1688 1689 1690
f 1693 1691 1692
f 1699 1697 1701
f 1700 1702 1703
f 1704 83 82
f 1705 1694 1706
f 1707 1696 1708
f 1695 1698 1709
f 1714 1713 1712
f 1710 1711 1715
f 84 1719 1717
f 1720 1716 1718
f 1725 1724 1727
f 1732 1731 1728
f 1730 1734 1729
f 1736 1735 1737
f 1739 1738 1740
f 1722 1733 1742
f 1743 1744 1745
f 85 87 1741
f 1748 1746 1721
f 1747 1723 1726
f 39 1749 1750
f 1754 1751 1752
f 1759 1758 1757
f 1761 89 90
f 1760 91 92
f 1762 1753 1756
f 1763 1755 1764
f 1765 1773 1772
f 1768 1767 1766
f 1771 1769 1770
f 1774 94 97
f 1775 99 95
f 1777 1776 1778
f 1782 1781 1779
f 1787 1780 1783
f 1792 1791 1790
f 1795 1797 101
f 1793 1796 1798
f 1800 1785 1784
f 47 1786 1799
f 1801 1802 1807
f 1804 1808 1814
f 1806 1813 1812
f 1811 1817 1815
f 1803 48 46
f 1818 51 1805
f 1819 54 53
f 1821 57 55
f 1822 1809 1788
f 1825 1816 1810
f 1794 1823 1789
f 1834 1831 1830
f 1833 102 104
f 1826 1837 1824
f 1835 1836 1840
f 1828 1841 1839
f 1829 1838 1827
f 61 56 1820
f 109 1844 1832
f 1842 1845 64
f 114 41 66
f 105 111 1847
f 106 1846 1843
f 1852 1850 1849
f 1854 1853 1855
f 1858 16 1857
f 1860 1859 1861
f 1848 1851 1862
f 1866 1868 1869
f 1871 1870 1867
f 1856 1863 1874
f 1875 1864 1865
f 1876 1877 1878
f 1873 1872 1880
f 1884 1883 1882
f 1888 1889 1890
f 1887 1885 1891
f 1892 1886 1893
f 1894 1895 1896
f 1897 1881 1879
f 1902 1900 1899
f 1898 1901 1903
f 1906 1904 1905
f 1907 1909 1910
f 1912 1914 1913
f 1916 1915 1917
f 1920 1918 1921
f 1922 1908 1911
f 1926 1925 1927
f 1929 1928 1924
f 1933 1932 1931
f 1935 1936 1934
f 1939 1938 1937
f 1941 1940 1942
f 1943 1944 1945
f 1948 1946 1947
f 1952 1951 1950
f 1956 1955 1919
f 1957 1958 1959
f 1960 1961 1962
f 1969 1967 1923
f 1968 1970 1972
f 1964 1963 1973
f 1975 1974 1971
f 1982 1980 1981
f 1986 1987 1988
f 1990 1989 1984
f 1983 1985 1991
f 1993 1992 1930
f 1995 1994 1996
f 1997 1977 1976
f 2000 2002 2001
f 12 2007 2008
f 2011 2010 2009
f 2013 2012 2014
f 1965 1966 2017
f 2018 2019 2016
f 2025 2023 2024
f 2021 2022 2026
f 2015 2020 2028
f 19 18 2027
f 2031 1978 2032
f 2030 2029 2035
f 2033 2034 2036
f 2038 2037 1998
f 2041 2040 2042
f 2039 1999 2044
f 2047 2043 2049
f 2050 2046 2048
f 2053 2051 2052
f 1979 2056 2054
f 2058 2055 2057
f 2067 2060 2059
f 2064 2063 2061
f 2003 2065 2066
f 2070 2005 2004
f 2068 2071 2072
f 2073 2062 1949
f 2076 2075 2074
f 1953 1954 2077
f 2080 2079 2078
f 2085 2081 2082
f 2089 2083 2087
f 2092 2094 2088
f 2086 2084 2090
f 2093 2091 2095
f 2045 2006 2069
f 2098 2097 2096
f 20 2100 21
f 2099 2101 2103
f 2108 2105 2107
f 2111 2106 2110
f 2104 2102 2109
f 24 2112 2113
f 2114 2115 2118
f 2119 2116 2117
f 2121 2120 2122
f 2124 2126 2125
f 2130 2129 2131
f 2134 2133 2135
f 2138 2139 2140
f 2142 2123 17
f 2143 2128 2127
f 2137 2136 2145
f 2150 2148 2149
f 2153 2151 2154
f 2156 2155 2157
f 2144 2152 2158
f 2162 2161 2159
f 2164 2160 2163
f 2166 2147 2146
f 2170 2167 2165
f 2168 2171 2172
f 2174 2173 2175
f 2179 2177 2176
f 2183 2181 2132
f 2185 2184 2182
f 2186 2187 2191
f 2188 2189 2192
f 2193 2190 2141
f 2194 2196 2195
f 2198 2199 2200
f 2202 2204 2201
f 2203 2205 2206
f 2208 2169 2210
f 2197 2209 2212
f 2207 2211 2213
f 2178 2180 2214
f 2218 2217 2215
f 2219 2220 2222
f 2224 2225 2227
f 2228 2229 2233
f 2231 2234 2235
f 2226 2216 2236
f 2237 2221 2223
f 2238 2241 2239
f 2246 2245 2244
f 2248 2247 2243
f 2249 2250 2251
f 2253 22 23
f 2257 2255 2259
f 2258 2256 2260
f 2261 2262 2263
f 2254 2264 2265
f 2267 2266 2268
f 2271 2273 2272
f 2277 2270 2275
f 2274 2269 2279
f 115 116 2280
f 2281 2282 2252
f 2285 2284 2283
f 2289 2288 2287
f 2291 2290 2286
f 2296 2298 2297
f 2242 2240 2299
f 2300 2302 2303
f 2301 2292 2304
f 2306 2305 2294
f 2293 2295 2307
f 2314 2312 2313
f 2315 2276 2278
f 2316 2317 2318
f 2319 2309 2308
f 2322 2320 2323
f 2311 2310 2321
f 2326 2325 2324
f 2328 2327 2329
f 2330 2331 2332
f 2335 2334 2333
f 2336 2337 2338
f 2346 2344 2339
f 2345 2342 2341
f 88 86 2340
f 2348 2343 2349
f 2354 2353 2350
f 2347 2352 2355
f 2357 2356 2351
f 2362 2358 2360
f 2230 2232 2363
f 2366 2364 2365
f 2368 2361 2359
f 2376 2371 2369
f 2372 2373 2377
f 2380 2378 2367
f 2379 2384 2374
f 2385 2381 2382
f 2387 2388 2389
f 2391 2393 2392
f 2396 2395 2397
f 2399 2390 2400
f 2403 2406 2409
f 2407 2408 2411
f 2405 2370 2375
f 2414 2413 2415
f 2429 2426 2422
f 2421 2424 2428
f 2416 2417 2434
f 2430 2423 2431
f 2437 2435 2432
f 2412 2420 2427
f 2441 2439 2425
f 2443 2442 2438
f 2440 2445 2444
f 2447 2446 2448
f 2452 2451 2450
f 2453 2454 2457
f 2459 2458 2455
f 2463 2386 2383
f 2465 2464 2466
f 2473 2470 2469
f 2461 2462 2474
f 2477 2471 2468
f 2478 2479 2480
f 2486 2484 2482
f 2460 2456 2488
f 2491 2483 2487
f 2485 2492 2493
f 2495 2496 2494
f 2489 2490 2500
f 2503 2501 2499
f 2504 2481 2476
f 2475 2502 2505
f 2498 2508 2509
f 2418 2419 2511
f 2510 2467 2472
f 2514 2515 2516
f 2433 2512 2518
f 2436 2519 2521
f 2527 2524 2520
f 2529 2525 2522
f 2523 2526 2528
f 2530 2513 2517
f 2531 2532 2533
f 2534 2535 2537
f 2540 2539 2538
f 2550 2547 2549
f 2551 2548 2553
f 2506 2497 2542
f 2556 2552 2555
f 2545 2557 2554
f 2543 2507 2558
f 2562 2560 2561
f 2546 2544 2559
f 2568 2565 2563
f 2564 2570 2569
f 100 93 2394
f 96 98 2573
f 2579 2577 2576
f 2580 2581 2584
f 2586 2585 2582
f 2583 2398 2587
f 2574 2578 2590
f 2593 2588 2596
f 2597 2592 2594
f 2602 2601 2599
f 2402 2600 2401
f 2606 2605 2404
f 2603 2604 2607
f 2610 2595 2589
f 2612 2611 2613
f 2608 2609 2617
f 2619 2575 2591
f 2621 2620 2598
f 2622 2614 2623
f 2626 2410 2628
f 2629 2631 2627
f 2634 2632 2630
f 2635 2618 2615
f 2616 2633 2636
f 2625 2640 2641
f 2643 2642 2644
f 2624 2639 2645
f 2652 2649 2650
f 2638 2637 2653
f 2656 2654 2648
f 2647 2655 2660
f 2666 2664 2663
f 2668 2667 2669
f 2672 2675 2671
f 2674 2678 2677
f 108 2682 2681
f 113 2687 2685
f 2686 112 107
f 2673 110 103
f 2683 2684 2692
f 2689 2690 2695
f 2704 2697 2699
f 2698 2706 2703
f 2709 2714 2713
f 2707 2702 2691
f 2710 2705 2700
f 2712 2701 2708
f 2662 2676 2661
f 2680 2717 2723
f 2679 2722 2719
f 2720 2721 2724
f 2727 2728 2732
f 2711 2716 2738
f 2718 2737 2715
f 2740 2748 2736
f 2733 2729 2749
f 2735 2747 2754
f 2731 2757 2753
f 2739 2743 2759
f 2741 2744 2763
f 2761 2762 2764
f 2771 2751 2758
f 2755 2774 2770
f 2772 2756 2742
f 2776 2769 2775
f 2765 2780 2778
f 2766 2773 2760
f 2785 2781 2665
f 2670 2787 2784
f 2790 2792 2791
f 2788 2793 2786
f 2782 2745 2725
f 2789 2746 2783
f 2646 2795 2794
f 2797 2798 2800
f 2796 2801 2802
f 2806 2777 2779
f 2810 2814 2819
f 2820 2822 2823
f 2824 2821 2826
f 2825 2799 2827
f 2831 2832 2835
f 2830 2836 2834
f 2813 2809 2829
f 2837 2817 2811
f 2812 2833 2839
f 2818 2838 2844
f 2816 2845 2842
f 2840 2850 2846
f 2854 2851 2861
f 2855 2862 2859
f 2865 2852 2803
f 2857 2864 2868
f 2863 2867 2870
f 2866 2876 2872
f 2877 2878 2880
f 2882 2847 2849
f 2848 2884 2883
f 2886 2879 2890
f 2856 2841 2828
f 2853 2858 2892
f 2889 2897 2894
f 2899 2895 2896
f 2891 2860 2869
f 2905 2902 2871
f 2904 2901 2898
f 2906 2908 2903
f 2804 2912 2914
f 2915 2651 2449
f 2657 2659 2919
f 2916 2918 2658
f 2920 2917 2922
f 2921 2924 2923
f 2925 2927 2929
f 2928 2926 2930
f 2934 2933 2536
f 2936 2935 2937
f 2938 2931 2932
f 2940 2939 2941
f 2944 2946 2942
f 2943 2945 2947
f 118 2949 2948
f 2953 2950 2955
f 2567 2566 2958
f 2960 2956 2954
f 2962 2959 2961
f 2952 2967 2571
f 2966 2951 2957
f 2970 2572 2541
f 2971 2972 2969
f 2965 2968 2973
f 2978 2964 2963
f 2981 2980 2982
f 2985 2975 2976
f 2986 2987 2979
f 2984 2983 2989
f 2977 2974 2990
f 2873 2875 2993
f 2992 3001 2997
f 3011 2994 2900
f 2996 3012 3008
f 2907 2999 3010
f 2998 3002 3014
f 3003 3004 3016
f 3019 3027 3024
f 3021 3022 3028
f 3037 3034 3031
f 3029 3043 3041
f 3047 3040 3045
f 3042 3049 3048
f 3057 2910 2909
f 3056 3055 3058
f 3060 2913 2911
f 3062 3061 3059
f 3065 3071 3064
f 3073 2991 2874
f 3078 3074 3079
f 3083 3085 3089
f 3076 3006 3000
f 3015 3005 3077
f 3017 3075 3084
f 3093 3092 3087
f 3088 3096 3095
f 3090 3097 3086
f 3030 3023 3091
f 3082 3063 3068
f 3081 3067 3099
f 3080 3098 3101
f 3105 3104 3100
f 3108 3109 3111
f 3112 3103 3106
f 3102 3117 3115
f 3094 3113 3044
f 3114 3116 3050
f 3107 3110 3122
f 3053 3125 3129
f 3121 3126 3124
f 3119 3123 3118
f 3135 3132 3131
f 3133 3136 3130
f 3138 3137 3141
f 3145 119 3032
f 3143 121 3144
f 120 122 3142
f 3155 3151 3149
f 3157 3161 3150
f 3148 3153 3158
f 3156 3154 3160
f 3176 3178 3175
f 3177 3171 3180
f 3186 3188 3185
f 3194 3196 3193
f 3163 3199 3201
f 3197 3187 3183
f 3204 3206 3203
f 3174 3179 3209
f 3212 3211 3210
f 3215 3214 3213
f 3216 3217 3134
f 3226 3224 3223
f 3221 3166 3169
f 3170 3225 3222
f 3184 3220 3218
f 3228 3202 3182
f 3219 3189 3207
f 3227 3208 3167
f 3229 3230 2988
f 3234 3231 3232
f 3070 3240 3236
f 3239 3069 3066
f 3072 3237 3243
f 3244 3238 3241
f 3235 3233 3246
f 3253 3251 3250
f 3139 3249 3252
f 3255 3260 3256
f 3262 3242 3245
f 3261 3263 3259
f 3269 3265 3247
f 3271 3275 3270
f 3258 3274 3272
f 3168 3276 3268
f 3267 3273 3264
f 3283 3277 3282
f 3254 3257 3285
f 3281 3278 3173
f 3054 3128 3279
f 3280 3127 3120
f 3205 3181 3284
f 3266 3248 3140
f 2693 124 2688
f 2696 3286 2694
f 130 123 3287
f 2734 3288 2726
f 2752 3291 2730
f 3292 3289 3290
f 3293 3295 3302
f 2750 2767 3294
f 3301 3296 2768
f 3303 3297 3298
f 3300 3307 3304
f 3310 3306 3299
f 3312 3305 3311
f 3308 3317 3313
f 2807 3321 2805
f 3309 3320 3323
f 3324 3322 2808
f 3325 3315 3316
f 3334 141 137
f 136 3319 3335
f 3332 3318 3314
f 3338 135 142
f 3330 3336 3333
f 3329 3331 3326
f 3328 3327 3339
f 3340 3345 3343
f 2843 3341 2815
f 3348 145 134
f 133 3337 3347
f 3344 3346 3359
f 3342 3357 3349
f 3351 3363 3369
f 3361 3350 3356
f 3365 3370 3362
f 3375 3374 3353
f 3352 3355 3376
f 3373 3377 3380
f 3389 3384 3386
f 3354 3372 3392
f 3393 3371 3364
f 3394 3383 3378
f 2887 3367 3358
f 2885 3360 2881
f 3398 3387 3368
f 3366 3395 3396
f 2888 2893 3397
f 3399 3391 3385
f 3379 3381 3401
f 3409 3405 3406
f 3410 3400 3382
f 3388 3403 3412
f 3413 3411 3404
f 3419 3415 3417
f 3426 3416 3402
f 3423 3414 3408
f 3432 3429 3425
f 3434 3407 3390
f 2995 3438 3435
f 3445 3441 3436
f 3009 3013 3442
f 3443 3437 3007
f 3424 3440 3448
f 3439 3444 3451
f 3449 3457 3452
f 3459 3455 3447
f 3446 3454 3431
f 3020 3025 3461
f 3462 3450 3018
f 3418 3420 3470
f 155 157 3467
f 152 3468 3473
f 154 3472 3466
f 3475 3469 3422
f 3421 3428 3476
f 3479 3477 3427
f 3430 3433 3481
f 3474 3478 3482
f 3464 3483 158
f 159 156 3465
f 3488 3486 3485
f 3492 3490 3471
f 3484 3493 3487
f 3500 3494 3491
f 3501 3497 3498
f 3502 3499 3504
f 3456 3509 3508
f 3511 3510 3458
f 3512 3517 3516
f 3453 3507 3480
f 3515 3518 3513
f 3463 3036 3520
f 3033 3460 3026
f 3038 3519 3035
f 3523 3521 3039
f 3514 3525 3529
f 3524 3526 3533
f 3534 3522 3046
f 3052 3535 3051
f 3489 3540 3538
f 3541 3544 3147
f 3495 3548 3539
f 3550 3546 3542
f 3556 3547 3496
f 3558 3503 3505
f 3551 3549 3557
f 3555 3561 3552
f 3560 3565 3553
f 3146 3543 3152
f 3545 3567 3159
f 3554 3569 3566
f 3162 3570 3164
f 3527 3528 3574
f 3572 3575 3587
f 3585 3582 3580
f 3562 3506 3532
f 3559 3530 3591
f 3573 3588 3531
f 3563 3590 3581
f 3579 3589 3571
f 3576 3537 3592
f 3172 3593 3536
f 3577 3583 3595
f 3584 3190 3596
f 3192 3586 3195
f 3165 3594 3198
f 3200 3597 3191
f 3568 3564 3578
